customer_id,first_name,last_name,birth_date,state,zip_code,program
1,Joseph,Mcdaniel,1953-05-01,WV,24722,Claim Administration
2,Andrew,Curtis,1998-01-04,WY,82855,Financial Planning
3,Megan,Henry,1982-04-30,NJ,08452,Claim Administration
4,Stephanie,Acosta,1952-07-09,MT,59167,Claim Administration
5,Stephanie,Johnson,1998-08-03,AZ,85272,Technical Support
6,Brooke,Warren,1952-10-31,ND,58230,Claim Administration
7,Cheryl,Williams,1958-02-12,IA,52335,Financial Planning
8,Robert,Ramirez,1950-11-21,GA,31850,Financial Planning
9,Nicole,Baxter,1952-12-27,IA,50680,Technical Support
10,Sue,Wright,1985-02-18,DE,19750,Technical Support
11,Aimee,Delgado,1985-05-18,MD,21420,Technical Support
12,Michelle,Smith,1973-11-12,PA,15715,Financial Planning
13,Virginia,Mays,1988-12-22,NV,89340,Claim Administration
14,Margaret,Thomas,1953-04-01,WY,82050,Technical Support
15,Jerry,Cardenas,1959-02-16,AR,71910,Financial Planning
16,Rodney,Miles,1953-10-01,MA,01087,Claim Administration
17,Matthew,Lopez,1993-12-17,NH,03371,Technical Support
18,Michele,Henderson,1991-09-12,DE,19702,Financial Planning
19,Tracy,Chapman,1982-07-02,PA,18797,Technical Support
20,Meagan,Mitchell,1995-06-20,MO,64828,Technical Support
21,Robert,Yates,1988-07-05,AK,99550,Financial Planning
22,Dawn,Moore,1971-08-17,CO,81017,Technical Support
23,Nathan,Frederick,1977-01-12,VA,22691,Technical Support
24,Derrick,Kirk,1959-05-24,SC,29726,Financial Planning
25,Katie,Lawson,1965-07-28,NH,03552,Technical Support
26,Ashley,Anthony,1987-10-27,OK,73078,Financial Planning
27,Austin,Anderson,1967-02-25,UT,84519,Claim Administration
28,Susan,Rice,1978-03-12,NM,88075,Financial Planning
29,Bonnie,Hopkins,1949-02-01,OR,97811,Claim Administration
30,Nicole,Henderson,1956-01-19,AL,36183,Technical Support
31,Dale,Nelson,1987-09-07,WA,99292,Claim Administration
32,Candice,Pham,1968-06-20,MO,65767,Claim Administration
33,Daniel,Reyes,1986-04-09,TN,37907,Technical Support
34,Jeffrey,King,1995-08-08,ID,83575,Claim Administration
35,David,Wright,1997-05-25,GA,30481,Claim Administration
36,Desiree,Wilson,1974-04-18,SC,29381,Technical Support
37,Brittany,Yang,1955-01-19,NY,14202,Financial Planning
38,Cheryl,Thompson,1956-01-26,PA,17898,Claim Administration
39,Joseph,Ward,1987-08-08,NV,88991,Financial Planning
40,Heather,Tyler,1984-10-03,MN,55155,Technical Support
41,Kathleen,Acosta,1961-07-14,NY,12043,Technical Support
42,Antonio,Edwards,1970-08-04,ND,58687,Technical Support
43,Hayley,Ballard,1974-03-18,AZ,86168,Technical Support
44,Paul,Calhoun,1969-06-13,GA,31785,Financial Planning
45,Timothy,Jenkins,1994-12-11,NC,28601,Technical Support
46,James,Wallace,1988-05-09,MT,59285,Technical Support
47,Tiffany,Blair,1993-08-06,NC,28471,Technical Support
48,John,Erickson,1991-11-27,LA,70171,Technical Support
49,Matthew,Barton,1996-11-19,OH,45721,Claim Administration
50,Eric,Estrada,1998-06-19,UT,84628,Technical Support
51,Melissa,Reynolds,1980-02-27,DC,20015,Technical Support
52,James,Gonzalez,1969-12-03,OH,43717,Financial Planning
53,Brian,Carr,1966-12-22,OH,43006,Technical Support
54,Alyssa,Martinez,1951-02-04,NC,27126,Claim Administration
55,April,Clark,1972-12-04,HI,96834,Financial Planning
56,Calvin,Mendoza,1956-06-20,AR,72689,Technical Support
57,Adam,Davis,1962-04-07,MA,01380,Financial Planning
58,Richard,Rodriguez,1952-09-19,FL,32263,Claim Administration
59,Michael,Mendez,1960-07-27,KS,66078,Claim Administration
60,Eric,Powell,1961-03-07,NH,03132,Financial Planning
61,Joseph,Howell,1957-08-27,OK,73072,Claim Administration
62,Dawn,Padilla,1983-03-26,VA,24173,Claim Administration
63,Mathew,Shaffer,1977-06-05,CA,90234,Technical Support
64,Anna,Frazier,1964-12-03,WI,54653,Financial Planning
65,Ricardo,Sheppard,1957-10-22,OK,73120,Claim Administration
66,Kevin,Velazquez,1993-10-21,MI,48158,Claim Administration
67,Catherine,Newman,1971-08-14,OH,45449,Financial Planning
68,Jason,Vazquez,1990-04-19,NC,28425,Claim Administration
69,Brittany,Brown,1949-07-02,MS,39417,Claim Administration
70,Patrick,Griffin,1991-05-26,CT,06194,Financial Planning
71,Latoya,Stephens,1974-11-26,FL,34599,Claim Administration
72,Carla,Washington,1954-05-12,ID,83448,Technical Support
73,Don,Petty,1950-04-27,NH,03405,Technical Support
74,Cheyenne,Osborne,1994-02-27,DE,19953,Claim Administration
75,Larry,Kline,1948-11-20,WY,82128,Technical Support
76,Leah,Harris,1968-07-09,MA,01727,Technical Support
77,Caleb,Allen,1958-10-01,GA,30847,Claim Administration
78,Christopher,Taylor,2002-12-22,DC,20012,Technical Support
79,Shawn,Merritt,1973-06-05,OH,45371,Technical Support
80,Cynthia,Cole,1982-05-13,ID,83710,Technical Support
81,Diana,Ramirez,1965-12-15,MI,48117,Financial Planning
82,Robert,Castillo,1996-01-19,NJ,08936,Technical Support
83,Mary,Cook,1974-12-09,WY,82140,Technical Support
84,Michael,Jenkins,1950-10-14,WV,26538,Claim Administration
85,Amanda,Salazar,1956-09-10,CA,91975,Technical Support
86,Alexandra,Morrison,1955-12-31,ME,04051,Claim Administration
87,Jeffrey,Jefferson,1991-01-08,GA,31830,Financial Planning
88,Kimberly,Morrow,1994-09-10,MO,65435,Claim Administration
89,Jeremy,Allen,2001-12-22,SD,57486,Technical Support
90,Emily,Barker,2003-02-10,DC,20005,Claim Administration
91,Michelle,Dickson,1986-06-26,ND,58844,Claim Administration
92,Charles,Nichols,1984-11-28,NY,11176,Financial Planning
93,Patricia,Morrison,1950-09-08,CA,95514,Financial Planning
94,Robert,Holland,1968-08-05,NY,10258,Technical Support
95,Travis,Nguyen,1998-07-11,MT,59179,Technical Support
96,Jessica,Rogers,1977-03-30,ID,83482,Technical Support
97,Steven,Carpenter,1975-12-11,AK,99552,Financial Planning
98,David,Burton,1959-12-10,SC,29914,Claim Administration
99,Lorraine,Parsons,1979-12-02,RI,02815,Technical Support
100,Katherine,Bailey,1965-10-11,IL,61366,Financial Planning
101,Scott,Carpenter,1980-04-28,NJ,08253,Technical Support
102,Benjamin,Guzman,1966-10-17,ND,58589,Claim Administration
103,Joseph,Hart,1993-12-28,SD,57356,Technical Support
104,Brenda,Cooper,1986-01-09,HI,96785,Financial Planning
105,Jennifer,Knox,1977-10-19,ME,04088,Financial Planning
106,Diana,Richmond,1953-06-06,DC,20029,Claim Administration
107,Lacey,Kennedy,1990-10-12,WV,26139,Claim Administration
108,Matthew,Powers,1995-04-18,WY,82303,Technical Support
109,Yvonne,Castro,1956-02-22,CO,81539,Financial Planning
110,Gregory,Moore,1991-03-16,KY,42264,Claim Administration
111,Judith,Snyder,1984-01-03,VT,05361,Technical Support
112,Jessica,Gonzales,2000-05-01,PA,17956,Technical Support
113,Kevin,Solomon,1967-09-17,AR,72328,Financial Planning
114,Maria,Washington,2000-09-24,ID,83381,Technical Support
115,Kim,Mccormick,1968-04-12,IA,50395,Financial Planning
116,Christopher,Brown,1956-07-11,SC,29692,Claim Administration
117,Keith,Williams,1959-12-28,TX,78079,Claim Administration
118,Carl,Howard,1969-05-28,AZ,85733,Claim Administration
119,Zachary,Crane,1998-02-12,IA,52380,Technical Support
120,Debra,Morris,1951-06-08,ND,58653,Claim Administration
121,Christopher,Clements,1970-11-08,DC,20004,Technical Support
122,Todd,Dougherty,1973-08-03,NC,27858,Technical Support
123,Edward,Baker,1956-12-18,NC,28119,Technical Support
124,Pamela,Lopez,1950-04-07,NJ,07711,Claim Administration
125,Victoria,Young,1983-11-03,TN,38000,Claim Administration
126,Samuel,Bonilla,1973-12-21,RI,02815,Claim Administration
127,Susan,Glass,1965-04-20,NY,12915,Technical Support
128,Nicholas,Martinez,1949-02-08,PA,18623,Technical Support
129,Raymond,Carter,1956-08-10,AR,72775,Financial Planning
130,Jennifer,Phillips,1958-12-07,NV,89249,Financial Planning
131,Debra,Rodriguez,1949-03-03,OH,44046,Technical Support
132,Jennifer,Olson,1958-08-22,AZ,85756,Claim Administration
133,Chad,Smith,1968-12-25,IN,47761,Claim Administration
134,Michael,Waters,1957-08-14,CO,81295,Claim Administration
135,Dennis,Murphy,1997-12-10,MN,56718,Financial Planning
136,Jennifer,Morton,2000-03-30,CA,90888,Technical Support
137,Jennifer,Dennis,1967-10-10,UT,84448,Claim Administration
138,Natalie,West,1952-02-29,RI,02908,Financial Planning
139,Christina,Young,1976-01-08,TX,79049,Claim Administration
140,Gabriel,Edwards,1979-07-18,IN,46539,Claim Administration
141,Benjamin,Gates,1966-04-06,OK,73072,Financial Planning
142,Kristen,Cooper,1961-01-12,IL,61077,Financial Planning
143,Jose,Sharp,1950-09-25,MN,56257,Technical Support
144,Patricia,Thomas,1968-09-11,IN,47111,Claim Administration
145,Tracey,Mosley,1985-09-21,WV,25942,Financial Planning
146,Claire,Nguyen,2002-05-10,KY,42561,Claim Administration
147,Christopher,Rodriguez,1980-04-04,OK,73072,Claim Administration
148,Heather,Fernandez,1999-12-18,ME,04669,Claim Administration
149,Brittany,Cowan,1987-12-29,MN,55986,Technical Support
150,Amy,Harper,1955-04-16,NH,03360,Financial Planning
151,Kevin,Murray,1980-03-26,AR,72693,Technical Support
152,Christina,Walton,1998-11-09,LA,71045,Claim Administration
153,Noah,Harris,1985-11-03,MN,55408,Technical Support
154,Jasmine,Young,1962-01-07,MN,56337,Technical Support
155,Lisa,Rich,1977-06-17,WV,25456,Financial Planning
156,Alexis,Jones,1987-11-22,NJ,07743,Claim Administration
157,Jasmine,Clark,1978-09-30,CO,81624,Technical Support
158,Todd,Rodriguez,1971-03-21,UT,84076,Financial Planning
159,Gregory,Case,1989-01-03,NJ,08137,Financial Planning
160,Maria,Carroll,1973-02-25,IL,60415,Financial Planning
161,Sandra,Hunt,1963-08-11,VA,24296,Technical Support
162,Emily,Newman,1966-11-12,MA,01326,Financial Planning
163,Adam,Lam,1991-02-02,CA,93803,Technical Support
164,Rhonda,Marquez,1975-01-07,NJ,08622,Claim Administration
165,Robin,Lawrence,1994-06-05,RI,02873,Claim Administration
166,Natalie,Hodges,1952-12-15,NE,68075,Technical Support
167,Jorge,Richardson,1986-07-02,WV,25217,Financial Planning
168,Geoffrey,Berry,1951-03-10,MO,64970,Financial Planning
169,Daniel,Garcia,1975-01-03,FL,32334,Claim Administration
170,Daniel,Snyder,1973-08-24,PA,17477,Claim Administration
171,Kurt,Thomas,1977-04-20,WI,53255,Technical Support
172,Cassandra,Dillon,1970-08-13,NY,12443,Claim Administration
173,George,Villarreal,1975-11-19,OK,73190,Technical Support
174,Clinton,Greene,1978-07-29,SD,57368,Financial Planning
175,Douglas,Pruitt,1968-12-12,MN,56040,Claim Administration
176,Lisa,White,1971-10-12,ME,04221,Technical Support
177,Alexis,Powers,1967-10-06,VA,24611,Financial Planning
178,Charles,Lopez,1984-08-03,MO,65445,Financial Planning
179,Erin,Walker,1956-04-14,CO,80529,Claim Administration
180,Candace,Hunt,1978-05-29,FL,33346,Technical Support
181,Jason,Lopez,1991-04-01,MI,48797,Technical Support
182,Holly,Juarez,1964-02-27,KS,66305,Claim Administration
183,John,Mueller,1985-03-03,AR,72563,Financial Planning
184,Jason,Clark,1967-01-12,OK,73141,Claim Administration
185,Lindsey,Anderson,1989-10-08,HI,96804,Claim Administration
186,Ryan,Santos,1954-08-19,NE,68076,Financial Planning
187,Jessica,Allen,1962-05-22,MI,49956,Technical Support
188,Nicole,Kennedy,1967-03-21,FL,34207,Technical Support
189,Joseph,Johnson,1968-03-27,MN,55556,Claim Administration
190,Jon,Smith,1953-07-16,HI,96767,Claim Administration
191,Jonathan,Crawford,1953-02-13,WI,53727,Financial Planning
192,Austin,Pitts,1950-03-19,WY,83085,Technical Support
193,Kristina,Smith,1965-02-21,AK,99699,Technical Support
194,Lauren,Porter,1954-05-10,NH,03866,Claim Administration
195,Douglas,Santos,1987-07-03,GA,30121,Financial Planning
196,Jeffrey,Tucker,1981-01-02,VT,05367,Financial Planning
197,Michael,Bradley,1991-08-08,KY,41909,Claim Administration
198,Suzanne,Johnson,1964-03-22,OH,45871,Technical Support
199,Phillip,Griffith,1967-10-04,WY,82336,Technical Support
200,Linda,Fernandez,1964-07-07,KY,42729,Claim Administration
201,Mark,Waters,1955-05-24,KS,66455,Financial Planning
202,James,Herman,1995-11-20,FL,34652,Claim Administration
203,Rachel,Diaz,1963-01-30,HI,96814,Financial Planning
204,Steven,King,1972-05-06,NC,28350,Technical Support
205,Devin,Acosta,1950-06-20,WV,24803,Financial Planning
206,Christopher,Hughes,1994-03-17,MN,55690,Financial Planning
207,Thomas,Byrd,1976-08-21,KS,66909,Technical Support
208,Wendy,James,1962-11-07,CO,81137,Claim Administration
209,Ellen,White,1997-08-08,DE,19939,Claim Administration
210,Tyler,Gutierrez,1996-03-18,MS,39318,Claim Administration
211,Olivia,Cain,2002-11-05,KY,41405,Financial Planning
212,Todd,Shannon,1963-02-01,OH,44403,Financial Planning
213,Jamie,Barnes,1999-01-14,MN,55441,Technical Support
214,William,Richardson,1956-07-08,WA,98121,Technical Support
215,Stacy,Reid,1953-11-22,HI,96809,Financial Planning
216,Christopher,Bass,1977-08-28,OH,45566,Claim Administration
217,Haley,Shepard,1961-11-01,OK,73166,Claim Administration
218,Todd,Carlson,1991-11-16,TN,38362,Claim Administration
219,Nicholas,Oconnor,1983-07-01,WY,82712,Claim Administration
220,Christopher,Smith,1992-08-23,KY,42397,Technical Support
221,Veronica,Pearson,1966-06-26,AL,35479,Technical Support
222,Jesse,Rivera,2003-12-18,TN,37611,Claim Administration
223,Tamara,Rice,1962-02-03,VT,05432,Technical Support
224,Alexa,Reese,1972-01-22,NH,03382,Financial Planning
225,Brandon,Wheeler,1952-02-04,AL,36858,Technical Support
226,Jordan,Gregory,1975-11-26,CO,81064,Technical Support
227,Kristen,Clark,1976-04-12,OR,97708,Financial Planning
228,Jessica,Anderson,1968-01-11,NM,87712,Technical Support
229,Cameron,Herrera,1951-04-06,ME,04786,Claim Administration
230,Joyce,Elliott,1968-01-12,SC,29536,Technical Support
231,Stephen,Clark,1986-11-27,NM,88001,Technical Support
232,Sandy,Logan,1963-10-13,NV,89697,Claim Administration
233,Mike,Santiago,1966-03-13,IN,46641,Technical Support
234,Jackie,Butler,1952-07-16,WV,25635,Technical Support
235,Noah,Myers,1971-07-22,WI,54282,Financial Planning
236,Steven,Owens,1996-02-22,TN,37645,Technical Support
237,Connor,Hoffman,1952-08-08,ND,58810,Financial Planning
238,Sara,Johns,1967-02-24,MS,38724,Financial Planning
239,Danielle,West,1972-03-08,AK,99704,Technical Support
240,Lauren,Gallegos,1978-12-21,OH,44996,Financial Planning
241,Danielle,Campbell,1994-10-06,WV,25032,Financial Planning
242,Nicole,Elliott,1967-09-20,HI,96862,Technical Support
243,Tim,Martin,1976-11-09,NH,03636,Financial Planning
244,Erika,Atkins,1975-01-08,MS,38691,Technical Support
245,Rose,Carr,1979-06-12,NY,11187,Technical Support
246,Cory,Rodriguez,1987-12-01,MA,01542,Claim Administration
247,Brent,Sheppard,1973-03-02,FL,34038,Technical Support
248,Kayla,Lee,1978-12-02,MO,65840,Claim Administration
249,Robert,Brown,1996-05-05,ME,04098,Technical Support
250,Tammy,Madden,1963-12-03,NJ,08217,Technical Support
251,Brittney,Moore,1980-05-19,MT,59230,Claim Administration
252,Julie,Andrews,1991-10-10,UT,84615,Technical Support
253,Tara,Garcia,1953-01-23,MA,01230,Financial Planning
254,James,Stuart,1980-04-10,PA,17735,Claim Administration
255,Melissa,Mclean,1996-12-21,AK,99924,Claim Administration
256,Cody,Barnett,1972-01-22,VT,05390,Technical Support
257,Catherine,Hicks,1990-11-22,DC,20035,Technical Support
258,Monica,Brown,1995-06-11,NC,28584,Technical Support
259,Antonio,Cooper,1956-06-01,OH,43749,Technical Support
260,Karen,Nash,1951-07-23,NE,68002,Technical Support
261,Jeremy,King,1982-10-10,IA,50886,Financial Planning
262,David,Reyes,1952-08-16,NH,03691,Financial Planning
263,Jamie,Hill,1956-02-09,NE,68033,Financial Planning
264,Samantha,Allen,1998-09-08,FL,33389,Technical Support
265,Erica,Turner,1979-08-14,HI,96852,Financial Planning
266,Dawn,Medina,1965-05-23,MO,64976,Technical Support
267,Mary,Howell,1952-02-27,NM,87748,Technical Support
268,Jacob,Terrell,1951-04-24,IN,46418,Claim Administration
269,Debra,Wright,1972-04-07,NC,27246,Technical Support
270,Casey,Torres,1964-07-12,WV,25039,Financial Planning
271,Patricia,Martin,1990-03-07,CT,06032,Claim Administration
272,Daniel,Bennett,2002-09-15,TN,37084,Technical Support
273,Shannon,Carpenter,2002-05-27,SC,29537,Claim Administration
274,Stefanie,Wilson,1974-02-14,DC,20002,Financial Planning
275,Adam,Wolf,1991-09-17,OK,73117,Financial Planning
276,Stacy,Silva,2004-08-12,ID,83755,Financial Planning
277,Michael,Lynch,1981-11-03,SD,57469,Technical Support
278,Ryan,Spears,1980-01-08,LA,70079,Technical Support
279,Michael,Robertson,1961-07-16,MI,48315,Claim Administration
280,Laura,Nixon,1955-04-09,WY,82481,Claim Administration
281,Julie,Anderson,1958-12-02,IN,46181,Technical Support
282,Steven,Smith,1986-09-11,SC,29650,Technical Support
283,Cameron,Johnson,1952-10-18,AZ,85474,Technical Support
284,Belinda,Gentry,1993-11-01,NH,03810,Claim Administration
285,Michael,Wilson,1983-04-17,AL,35441,Technical Support
286,Brandon,Sparks,1992-08-07,WV,25873,Financial Planning
287,Crystal,Garcia,1985-12-01,ID,83291,Technical Support
288,Richard,Henderson,1984-09-19,MS,39442,Technical Support
289,Christy,Elliott,1994-02-02,RI,02824,Claim Administration
290,Laura,Miller,1985-11-27,WA,98411,Financial Planning
291,Michael,Smith,1976-03-01,MA,02031,Technical Support
292,Richard,Zuniga,1979-05-02,RI,02908,Financial Planning
293,Lisa,Green,1979-07-07,WV,26715,Financial Planning
294,Robert,Edwards,1971-10-02,VT,05347,Technical Support
295,Eric,Rice,1963-04-24,AK,99686,Financial Planning
296,Karen,Wu,2004-01-13,WI,53819,Financial Planning
297,Sheryl,Johnson,2001-01-30,NH,03488,Claim Administration
298,Patricia,Wallace,1975-10-15,ND,58770,Claim Administration
299,Diane,Waller,2000-11-09,ID,83507,Claim Administration
300,Mark,Coffey,1990-02-28,SD,57754,Financial Planning
301,Daisy,Herring,1997-10-25,AZ,86075,Financial Planning
302,Greg,Colon,1957-11-06,TX,75854,Claim Administration
303,David,Hopkins,1983-10-14,SD,57729,Claim Administration
304,Christine,Taylor,1996-07-12,NM,87477,Technical Support
305,Jeremiah,Hoffman,1985-03-07,KS,67257,Claim Administration
306,Olivia,Watkins,2001-08-10,FL,34947,Claim Administration
307,Clinton,Wade,1979-01-30,GA,30558,Financial Planning
308,Nancy,Patton,1973-07-20,MD,21347,Financial Planning
309,Juan,Wagner,1980-05-17,SD,57470,Claim Administration
310,Wanda,Gardner,1974-12-14,CO,81578,Claim Administration
311,Eric,Mitchell,1987-11-05,FL,33655,Financial Planning
312,Madison,Carpenter,1975-09-01,VA,23157,Technical Support
313,Gregory,Chandler,1994-05-14,IA,52101,Claim Administration
314,Robin,Cortez,2002-09-28,WY,82002,Financial Planning
315,Benjamin,Perkins,1991-03-12,MS,38697,Claim Administration
316,Erik,Jones,1981-01-29,UT,84595,Financial Planning
317,Tracy,Harrell,1953-01-31,NV,88969,Claim Administration
318,Deanna,Swanson,1958-09-12,NM,87831,Financial Planning
319,Christopher,Logan,1951-10-08,WI,53459,Technical Support
320,Heather,Scott,1976-08-06,MO,64320,Financial Planning
321,Michael,Hoffman,1977-05-22,IA,52025,Technical Support
322,Jessica,Harrison,1985-08-10,HI,96722,Technical Support
323,Joshua,Whitaker,1960-01-11,IA,51382,Financial Planning
324,John,Thompson,1962-05-28,CO,81610,Technical Support
325,Katherine,Fisher,1964-02-26,KY,42262,Financial Planning
326,Ashley,Miller,2003-06-26,OR,97739,Financial Planning
327,Stephanie,Young,1968-04-21,WA,98640,Financial Planning
328,Matthew,Gomez,1993-08-21,ID,83689,Financial Planning
329,Victoria,Romero,1952-05-26,IN,47646,Claim Administration
330,Lori,Love,1998-09-11,MD,21109,Technical Support
331,Carlos,Peters,1951-06-20,MS,39068,Technical Support
332,Kimberly,Williams,1971-02-19,MD,21050,Technical Support
333,Tammy,Freeman,1997-12-31,NM,87122,Technical Support
334,Danny,Graham,1989-02-18,ID,83311,Technical Support
335,Frederick,Miller,1974-09-20,TX,79823,Claim Administration
336,Christopher,Coleman,1987-06-12,RI,02933,Technical Support
337,Ryan,Lozano,1978-04-01,PA,16325,Technical Support
338,Alexandra,Gutierrez,1987-02-12,CT,06076,Financial Planning
339,Michele,Yang,1995-03-12,RI,02849,Claim Administration
340,Roberta,Wiggins,1974-02-24,AZ,86130,Technical Support
341,Dawn,Marshall,1979-08-21,NE,68105,Claim Administration
342,Lisa,Petersen,2001-01-26,NM,87905,Claim Administration
343,Mark,Nolan,1978-03-06,MT,59782,Claim Administration
344,Steven,Cox,1979-01-31,MI,49227,Financial Planning
345,Shirley,Wallace,1993-03-21,HI,96845,Technical Support
346,William,Palmer,1991-10-12,VT,05124,Financial Planning
347,Carl,Martin,1981-04-25,CT,06294,Technical Support
348,Jennifer,Bruce,1972-06-26,OR,97696,Technical Support
349,Patricia,Mcguire,1965-01-13,WA,98847,Technical Support
350,Ashley,Rodriguez,1956-12-24,GA,31642,Financial Planning
351,Jamie,Mccall,1964-04-16,ID,83228,Claim Administration
352,William,Montgomery,2004-08-10,KY,41165,Financial Planning
353,Peter,Ferguson,1953-04-28,NV,89005,Technical Support
354,Johnny,Villarreal,1965-07-11,MI,49884,Financial Planning
355,Anna,Anderson,1963-06-01,KS,67203,Claim Administration
356,Jason,Robinson,1970-04-25,NE,68005,Technical Support
357,Thomas,Carpenter,1964-05-02,AL,36300,Financial Planning
358,Mary,Meyer,1993-03-10,NV,89774,Claim Administration
359,Rebecca,Tanner,1957-10-27,ID,83797,Technical Support
360,Alisha,Wood,1977-05-14,NM,88382,Financial Planning
361,Jeffery,Mckinney,1964-04-19,NY,13814,Financial Planning
362,Miranda,Cisneros,1983-11-25,NY,14864,Claim Administration
363,Robert,Duncan,1969-02-24,WA,98612,Technical Support
364,Cathy,King,1973-06-20,MT,59275,Claim Administration
365,Lawrence,Rivera,1995-01-27,IA,52752,Technical Support
366,Lindsey,Campbell,1992-08-09,AZ,85910,Financial Planning
367,William,Allison,1955-02-02,IN,46939,Claim Administration
368,Philip,Smith,1999-02-10,MS,39348,Technical Support
369,Beverly,Rogers,1995-07-28,SC,29555,Claim Administration
370,Alfred,Stuart,1993-07-29,AR,71920,Financial Planning
371,Laura,Vega,1969-08-16,OK,73007,Claim Administration
372,Nathan,Chavez,1970-12-01,AL,35851,Claim Administration
373,David,Jones,1971-03-26,IL,61933,Claim Administration
374,Jonathan,Doyle,1954-11-18,MD,21415,Claim Administration
375,Patricia,Hall,1983-10-21,TN,37342,Claim Administration
376,Michelle,Roberts,1991-03-05,WI,53161,Financial Planning
377,Leah,Benson,1952-10-22,WI,54704,Technical Support
378,Veronica,Gaines,1999-01-04,TX,79738,Financial Planning
379,Joseph,Burns,1997-04-10,ND,58749,Claim Administration
380,Robert,Baker,1958-04-12,DC,20012,Financial Planning
381,Angela,Pollard,1978-04-26,MA,01938,Technical Support
382,Dustin,Walters,1992-04-09,DE,19978,Technical Support
383,Charles,Garcia,1986-01-30,NY,13906,Financial Planning
384,Alexandra,Woodward,1952-12-16,MI,49438,Financial Planning
385,Susan,Gould,1993-04-03,LA,70142,Claim Administration
386,Lisa,Snyder,1999-02-17,AZ,86430,Technical Support
387,Sean,Jordan,1970-09-01,KS,67077,Claim Administration
388,Susan,Leon,1994-05-13,HI,96726,Claim Administration
389,Jonathan,Johnson,1988-04-22,OK,73057,Technical Support
390,Bradley,Wilson,1953-04-28,CO,81006,Claim Administration
391,Angelica,Gross,1988-05-16,ME,04204,Claim Administration
392,Michael,Landry,1971-07-08,ME,04853,Financial Planning
393,Joshua,Wolf,2002-07-10,WV,26382,Claim Administration
394,Thomas,Trujillo,1966-11-03,OH,45746,Technical Support
395,William,George,1995-09-16,LA,70382,Technical Support
396,Martin,Benson,1969-12-17,OK,73167,Claim Administration
397,Arthur,Richards,1957-07-12,DC,20028,Technical Support
398,Aaron,Brown,1979-08-29,CT,06149,Claim Administration
399,Christine,Diaz,1974-06-28,CO,80329,Financial Planning
400,John,Jensen,1990-08-01,WI,53733,Claim Administration
401,Deborah,Le,1989-05-21,OR,97041,Financial Planning
402,Mary,Chavez,1988-08-22,KS,66660,Claim Administration
403,Stephanie,Carroll,1998-06-17,OK,73138,Technical Support
404,Leslie,Mckay,1958-01-06,AR,71871,Technical Support
405,Logan,Peck,1970-04-13,NV,89082,Financial Planning
406,Johnathan,Keller,1972-10-16,MS,38675,Financial Planning
407,James,Reed,1983-04-19,CA,95780,Claim Administration
408,Shelley,Henderson,1952-11-11,AZ,85469,Financial Planning
409,Anthony,Morris,1997-02-07,AZ,86240,Technical Support
410,Heidi,Nelson,1965-10-06,NJ,07556,Financial Planning
411,William,David,1951-11-20,DE,19807,Technical Support
412,Stephanie,Ford,1950-08-03,OR,97298,Financial Planning
413,Craig,Orozco,2003-10-24,IN,47697,Technical Support
414,Jacob,Ramos,1956-03-10,MO,65265,Claim Administration
415,Thomas,Cruz,1988-05-18,DC,20008,Financial Planning
416,Scott,Monroe,1986-01-25,MD,21418,Financial Planning
417,Wesley,Conrad,1979-08-12,CT,06267,Claim Administration
418,Tammy,Beltran,1973-11-29,LA,70026,Claim Administration
419,Kathy,Smith,1949-03-21,VA,23259,Financial Planning
420,Brian,Foster,1977-05-07,IN,47940,Financial Planning
421,Joann,Burgess,1949-10-07,CA,91050,Financial Planning
422,Ronald,Castro,1974-10-06,IN,47347,Financial Planning
423,Matthew,Johnson,1960-06-09,NH,03263,Claim Administration
424,Shawn,Mcintosh,1949-02-24,OK,73061,Financial Planning
425,Regina,Barnett,1996-12-01,IA,52495,Financial Planning
426,Kristin,Garcia,1991-06-22,MO,64073,Claim Administration
427,Stephanie,Moran,1988-03-07,NM,87341,Financial Planning
428,Jacob,King,1974-08-02,AZ,85583,Financial Planning
429,Michelle,French,1969-03-30,TN,38034,Financial Planning
430,John,Robertson,1968-12-19,KS,66877,Claim Administration
431,Suzanne,Smith,1982-09-13,NM,87146,Technical Support
432,Seth,Gilbert,1965-06-04,ND,58751,Financial Planning
433,Nicole,Palmer,1985-10-28,AL,36510,Financial Planning
434,Nicholas,Johnson,1956-01-14,UT,84146,Financial Planning
435,Donna,Roman,1976-07-29,ME,04671,Technical Support
436,Warren,Hughes,1982-03-09,NJ,07237,Claim Administration
437,Natalie,Flores,1962-03-18,DC,20023,Technical Support
438,Nicole,Ryan,1965-08-12,KS,66864,Financial Planning
439,Peter,Stuart,1981-11-23,AR,72012,Claim Administration
440,Kenneth,Perez,1952-07-11,IL,60416,Financial Planning
441,Sheena,Watson,1990-10-01,NJ,08379,Financial Planning
442,Jennifer,Hoffman,1949-04-14,LA,70608,Claim Administration
443,Billy,Bradley,1967-03-14,OR,97300,Financial Planning
444,Tammy,Hill,1985-11-15,MD,21768,Claim Administration
445,Kristina,Deleon,1995-09-26,MA,02400,Technical Support
446,Andrew,Tate,1954-04-30,SC,29231,Financial Planning
447,Jeffrey,Nelson,1959-02-22,WI,54307,Technical Support
448,Bruce,Wilson,1951-12-23,FL,33972,Technical Support
449,Christopher,Cameron,1967-06-02,NM,87848,Claim Administration
450,Michael,Branch,1988-12-23,NV,89469,Claim Administration
451,Raymond,Hanson,2002-05-12,WY,82911,Technical Support
452,Ashley,Anderson,1996-07-15,ND,58674,Claim Administration
453,Daniel,Jackson,1965-11-01,VA,24181,Technical Support
454,Lisa,Jefferson,1988-02-25,HI,96785,Financial Planning
455,Kevin,Shepherd,1972-10-07,OK,73049,Technical Support
456,Taylor,Martinez,1989-03-26,SD,57643,Financial Planning
457,Derrick,Gray,1960-12-14,IN,46445,Claim Administration
458,Nicholas,Houston,1990-11-22,RI,02819,Technical Support
459,Brian,Sanders,1953-05-30,OR,97553,Claim Administration
460,Charles,Dyer,1999-08-26,MT,59183,Financial Planning
461,John,Wilson,1965-03-16,NY,13784,Financial Planning
462,Francis,Leblanc,1999-04-01,LA,70967,Technical Support
463,Holly,Mann,1993-05-10,CO,81395,Technical Support
464,Ronald,Silva,1957-04-22,SD,57604,Claim Administration
465,Jacob,Robinson,1962-10-13,MS,39433,Technical Support
466,Travis,King,1982-06-03,WV,25483,Claim Administration
467,Meredith,Thornton,1988-06-05,FL,32717,Technical Support
468,Morgan,Garza,2001-12-05,DC,20029,Financial Planning
469,Daniel,Gonzalez,1948-11-21,DC,20013,Technical Support
470,Edward,Thomas,1982-07-09,SC,29351,Technical Support
471,April,Smith,1975-02-27,MO,63358,Financial Planning
472,Steven,Austin,1976-02-26,MD,21380,Claim Administration
473,Danielle,Vega,1963-03-27,KS,67164,Financial Planning
474,Amy,Wolfe,1949-02-01,MI,48642,Technical Support
475,Brittany,Sims,1997-03-26,IL,60004,Financial Planning
476,Jacob,Chambers,1979-02-26,OK,73079,Financial Planning
477,Jennifer,Jones,1973-04-25,KS,66534,Technical Support
478,Natalie,Thomas,1995-06-27,IN,46071,Financial Planning
479,Laura,Graham,1987-11-01,KY,40944,Financial Planning
480,Carla,Gibson,1965-04-21,MO,64760,Claim Administration
481,Stephen,Richardson,1976-09-15,NJ,07052,Financial Planning
482,Kara,Bell,1984-12-19,FL,32715,Technical Support
483,Travis,Wiley,1949-02-27,NE,68059,Technical Support
484,Kathy,Roberson,1997-01-22,TN,38316,Claim Administration
485,Matthew,Herrera,1989-06-24,DE,19791,Financial Planning
486,Brandon,Thompson,1954-07-31,PA,19480,Financial Planning
487,Carlos,Holland,1959-08-31,MN,55884,Claim Administration
488,Amy,Pearson,2002-11-28,AR,71983,Financial Planning
489,Kenneth,Stout,1950-01-08,DE,19860,Technical Support
490,Andrew,Smith,1993-06-07,MS,39139,Technical Support
491,Nicholas,Carr,1970-04-16,HI,96864,Financial Planning
492,Angela,Martin,1988-09-25,IA,52124,Claim Administration
493,Sarah,Khan,1958-09-22,ID,83868,Financial Planning
494,Leslie,Ray,1958-10-26,WY,82701,Financial Planning
495,Tyrone,Vasquez,1981-02-07,CA,95461,Financial Planning
496,Sherry,Walton,1996-11-09,TX,77936,Claim Administration
497,Amy,Carlson,1955-08-20,CT,06277,Financial Planning
498,Stephen,Crane,1954-11-02,SC,29273,Claim Administration
499,Arthur,Ellis,1965-05-23,OR,97527,Claim Administration
500,Brandon,Carroll,1952-06-16,WV,25519,Technical Support
501,Christina,Harris,1962-04-17,IN,47119,Claim Administration
502,Kathryn,Graves,1962-03-19,KY,42725,Claim Administration
503,Amy,Smith,1971-01-06,AL,35341,Financial Planning
504,Jacob,Smith,1974-09-25,HI,96796,Claim Administration
505,Erin,Richards,1997-12-15,SC,29334,Technical Support
506,Jeffrey,Chavez,1961-10-14,AK,99695,Technical Support
507,Paul,Fitzgerald,1988-05-05,ID,83298,Technical Support
508,Diane,Lee,1978-12-01,MI,49712,Claim Administration
509,Tonya,Miller,1961-07-28,MN,55325,Financial Planning
510,Kimberly,Rosario,1986-09-16,PA,17288,Claim Administration
511,Wanda,Miles,1973-05-24,SD,57424,Financial Planning
512,Olivia,Williamson,1952-03-01,MI,49293,Claim Administration
513,Stephanie,Rodriguez,1958-06-10,VA,22098,Technical Support
514,Kathryn,Brown,1966-05-18,MD,20983,Technical Support
515,Kyle,Hall,1953-12-29,MN,55062,Claim Administration
516,Alex,Olson,1987-07-21,NE,68023,Financial Planning
517,Nancy,Wilson,2002-01-05,AZ,85970,Claim Administration
518,Joshua,Gaines,2002-08-02,RI,02803,Financial Planning
519,Thomas,Luna,1953-05-24,FL,32214,Financial Planning
520,Andrew,Dyer,1993-02-18,AR,72200,Technical Support
521,Joshua,Johnson,1972-10-22,AK,99915,Financial Planning
522,Kathy,Mann,1956-10-24,MN,55880,Claim Administration
523,Nancy,Vasquez,1968-02-06,ID,83713,Financial Planning
524,Cody,Gutierrez,1950-07-06,AR,71862,Financial Planning
525,Brian,Lopez,1954-10-05,AL,35232,Financial Planning
526,Sabrina,Huynh,1956-05-13,SC,29665,Technical Support
527,Brandon,Brown,2004-07-10,GA,30442,Technical Support
528,Stephanie,Williams,1963-10-18,DE,19734,Technical Support
529,Belinda,Stein,1953-02-27,NE,68096,Claim Administration
530,Joseph,Gutierrez,1950-06-30,ME,04748,Technical Support
531,Elizabeth,Martin,2000-04-10,WY,82167,Claim Administration
532,Matthew,Rodriguez,1971-11-11,WY,82275,Financial Planning
533,Tracy,Chambers,1982-10-20,ME,04953,Financial Planning
534,Michael,Wong,1976-04-25,OH,44635,Technical Support
535,Michelle,Thompson,1995-11-03,CT,06202,Technical Support
536,Cynthia,Woodard,1968-01-26,MO,65894,Technical Support
537,James,Reyes,1965-07-22,IA,51471,Claim Administration
538,Frank,Howard,1953-09-30,KS,66270,Claim Administration
539,Kyle,Thompson,1989-11-24,MT,59436,Technical Support
540,Larry,Cook,1966-03-01,MN,56050,Financial Planning
541,Brian,Figueroa,1978-09-21,MD,21496,Technical Support
542,Denise,Braun,1966-03-22,NC,27755,Financial Planning
543,Chris,Mckinney,1978-10-12,MO,63809,Technical Support
544,Ariana,Cantu,1985-08-07,OR,97345,Claim Administration
545,David,Green,1967-08-22,ME,04750,Technical Support
546,Isaac,Alvarez,1993-11-04,AK,99508,Claim Administration
547,Kristen,Hammond,1997-08-19,OR,97346,Technical Support
548,Jessica,Thomas,1994-08-12,NY,10108,Technical Support
549,Tanya,Donovan,1980-12-14,FL,33985,Claim Administration
550,Victor,Woodard,1981-02-14,IA,51424,Financial Planning
551,Matthew,Barrett,1983-04-27,KY,41511,Claim Administration
552,Joshua,George,1972-05-27,DE,19905,Technical Support
553,Bryan,Barr,1986-01-17,ME,04104,Claim Administration
554,Tyler,Vance,2001-11-18,TX,78111,Financial Planning
555,Laura,Macdonald,2002-07-09,MN,56251,Claim Administration
556,Jonathan,Hamilton,1980-05-15,NE,68116,Claim Administration
557,Jenna,Ponce,1972-06-10,MA,02247,Financial Planning
558,Dawn,Porter,1975-02-17,SC,29094,Technical Support
559,Stephen,Andersen,1963-12-24,WI,53536,Claim Administration
560,Mark,Patel,1963-10-04,LA,70394,Technical Support
561,Elizabeth,Brennan,1977-11-03,OK,73041,Financial Planning
562,Anthony,Bush,1977-02-03,NH,03409,Claim Administration
563,Mathew,Rodriguez,1997-11-21,UT,84540,Claim Administration
564,Brian,Lee,1990-06-02,KY,40977,Technical Support
565,Daniel,Daniels,1959-02-09,MS,38769,Claim Administration
566,Christopher,Jordan,1976-06-14,ND,58606,Claim Administration
567,Jill,Preston,1971-11-18,CO,81371,Claim Administration
568,Jennifer,Martin,1954-09-09,LA,70057,Financial Planning
569,Amanda,Sanders,1952-10-13,CA,95533,Technical Support
570,Jon,Salazar,2002-05-04,DE,19949,Claim Administration
571,Billy,Finley,1980-08-07,UT,84602,Claim Administration
572,Jenna,Barker,1979-05-13,ID,83848,Technical Support
573,Maria,Mooney,1951-06-08,IA,51842,Technical Support
574,Phillip,Clark,2004-03-26,FL,33461,Claim Administration
575,David,Porter,1968-01-18,PA,17291,Financial Planning
576,Joel,Mendez,1951-12-05,MN,55181,Claim Administration
577,Heather,Fernandez,1954-03-05,GA,31624,Financial Planning
578,Robert,Elliott,1974-10-04,TX,79678,Technical Support
579,Christopher,Taylor,1952-01-05,OK,73182,Claim Administration
580,William,Sanders,1983-08-15,WV,25875,Technical Support
581,Michael,Bates,1994-03-20,NY,11152,Technical Support
582,Melinda,Dennis,1981-12-30,WY,82417,Financial Planning
583,Dave,Taylor,1964-03-06,AZ,85864,Technical Support
584,Traci,Arnold,1978-01-21,KS,67516,Technical Support
585,Matthew,Stafford,1986-12-21,MD,20984,Technical Support
586,Alan,Williams,1955-10-24,AL,35225,Technical Support
587,Carl,Cox,1979-01-25,NE,68042,Technical Support
588,Brian,Hernandez,1998-11-22,MI,49835,Technical Support
589,Bobby,Howard,2003-05-26,CO,81384,Claim Administration
590,Kimberly,Miller,1973-01-07,IL,60412,Claim Administration
591,Erin,Warner,2000-01-18,TX,76705,Technical Support
592,Jesse,Kirk,1963-07-06,ND,58125,Financial Planning
593,Melissa,Mason,1969-03-26,MT,59773,Financial Planning
594,Jon,Cunningham,1979-10-25,IA,51632,Financial Planning
595,Miranda,Eaton,1963-08-15,VA,22581,Financial Planning
596,Jennifer,Banks,1995-05-01,VT,05157,Claim Administration
597,Steven,Murphy,1988-09-06,IL,60050,Technical Support
598,Cindy,Logan,1980-04-19,MT,59094,Financial Planning
599,Linda,Stewart,1986-10-09,SD,57125,Claim Administration
600,Joshua,Melendez,1990-01-03,MN,55527,Claim Administration
601,Thomas,Woodard,1963-03-06,LA,70458,Technical Support
602,Dennis,Brown,1961-03-30,MT,59492,Claim Administration
603,William,Livingston,2001-01-07,MS,39681,Claim Administration
604,Christopher,Pierce,1995-07-22,MI,48319,Financial Planning
605,Meghan,Rios,1976-06-16,OK,73001,Technical Support
606,Joel,Stevens,1961-03-27,MS,39428,Technical Support
607,Maria,Martinez,1997-01-20,LA,71164,Financial Planning
608,Jeffrey,White,2003-06-27,NH,03762,Technical Support
609,Andrew,May,1996-10-04,WI,53016,Technical Support
610,Charles,Flowers,1985-02-12,DE,19784,Technical Support
611,David,Smith,1987-10-10,NV,89810,Financial Planning
612,Stephen,Stevens,2001-04-08,FL,32281,Technical Support
613,Carolyn,Rollins,1979-04-22,CO,80175,Claim Administration
614,Benjamin,Anderson,1991-10-06,NH,03453,Technical Support
615,James,Davis,2004-04-02,IL,60836,Claim Administration
616,Nicole,Knox,1994-06-23,OH,43959,Financial Planning
617,Jonathan,Miller,1996-09-19,ID,83389,Claim Administration
618,Benjamin,Gonzales,1980-07-13,WA,99149,Financial Planning
619,Arthur,Hayden,1981-01-11,NH,03542,Claim Administration
620,Amber,Thompson,1974-07-29,AL,35193,Claim Administration
621,Dustin,Mays,1992-01-30,FL,33163,Financial Planning
622,Lindsay,Moore,2003-09-25,AL,36794,Financial Planning
623,John,Smith,1981-11-07,NV,89209,Claim Administration
624,Kayla,Sims,2002-02-24,CA,92657,Technical Support
625,Sherri,Hicks,1971-02-28,AK,99507,Financial Planning
626,April,Hernandez,1994-10-15,NV,89834,Financial Planning
627,Cathy,Garcia,1962-02-25,CA,93998,Claim Administration
628,Tiffany,Martinez,1999-03-27,OH,43426,Claim Administration
629,Erica,Ramirez,1962-07-08,OK,73139,Claim Administration
630,Andrea,Anderson,1966-12-27,ID,83276,Financial Planning
631,Kimberly,Smith,1955-06-29,OK,73084,Technical Support
632,Cynthia,Andrews,1958-05-15,NC,27110,Technical Support
633,Peter,Ochoa,1964-04-08,NE,68069,Claim Administration
634,Ronnie,Thompson,1958-02-17,WV,25902,Claim Administration
635,Katelyn,May,1970-01-31,ID,83390,Financial Planning
636,Jennifer,Davis,1966-05-05,AK,99797,Claim Administration
637,Meghan,Simpson,1966-04-09,WI,53682,Technical Support
638,Joseph,Morgan,1991-10-22,MI,49197,Financial Planning
639,George,Fisher,1993-01-24,CO,80447,Technical Support
640,Anthony,Murphy,1995-09-26,NC,28808,Technical Support
641,Crystal,Smith,2000-06-01,WI,54717,Technical Support
642,Nicole,White,1996-01-28,WY,82272,Financial Planning
643,Sarah,Gill,1951-02-10,AR,72661,Claim Administration
644,Alexandra,Spears,1988-05-11,IA,52415,Claim Administration
645,Peter,Werner,1980-10-30,RI,02804,Technical Support
646,Shaun,Cook,1995-04-23,GA,30686,Claim Administration
647,Christopher,Browning,1951-03-21,MD,21222,Financial Planning
648,John,Foley,1987-07-31,RI,02846,Technical Support
649,Heather,Shaw,1981-06-09,OK,73192,Claim Administration
650,Raymond,Simpson,1950-10-24,NE,68095,Claim Administration
651,Rebecca,Blair,1982-04-04,MT,59212,Claim Administration
652,Monique,Walton,1961-02-28,NY,10965,Technical Support
653,Jonathan,Evans,1970-07-19,DC,20002,Technical Support
654,Becky,Sellers,1963-09-06,NH,03678,Claim Administration
655,Tracey,Coffey,2001-07-02,ME,03996,Claim Administration
656,Brian,Alvarado,2000-05-04,TN,37235,Technical Support
657,Margaret,Brown,1986-01-14,IL,62825,Claim Administration
658,Edward,Perry,1991-08-05,NC,28798,Technical Support
659,Linda,Campbell,1969-06-21,ID,83229,Technical Support
660,Kathleen,Ramirez,1966-10-12,NH,03264,Claim Administration
661,Veronica,Richardson,1956-01-24,WA,98625,Technical Support
662,Ashley,Mitchell,1961-03-03,CO,81174,Financial Planning
663,Walter,Beck,1987-06-12,VA,24620,Technical Support
664,Jack,Davidson,1983-10-06,IN,46542,Technical Support
665,Theresa,Cook,2001-02-12,NY,13380,Technical Support
666,Michael,Singleton,1973-01-27,IL,60372,Claim Administration
667,Leonard,Ford,1998-05-06,UT,84138,Claim Administration
668,Calvin,Allen,1953-05-01,KS,66197,Claim Administration
669,Tim,Floyd,1981-04-13,OH,44999,Technical Support
670,Heidi,Morgan,2000-12-11,NH,03757,Claim Administration
671,Anthony,Manning,1952-01-24,MI,49136,Claim Administration
672,Tracy,Turner,1988-04-27,KS,66725,Financial Planning
673,Michelle,Hawkins,1963-02-22,AK,99794,Financial Planning
674,Michael,Stewart,2001-11-29,SC,29353,Claim Administration
675,Cristina,Ortiz,1957-07-07,NV,89252,Claim Administration
676,Morgan,Clayton,1986-02-02,NM,87608,Technical Support
677,Gabrielle,Williams,1997-02-15,NH,03412,Financial Planning
678,Andrew,Castillo,1961-08-09,WI,54748,Financial Planning
679,Mary,Marshall,1960-01-17,LA,70415,Financial Planning
680,Richard,Reynolds,1989-08-03,CA,94855,Claim Administration
681,Amy,Holmes,1986-06-11,MO,64632,Financial Planning
682,Courtney,Day,1967-02-07,WI,53031,Financial Planning
683,Matthew,Jones,1979-05-12,WV,25353,Claim Administration
684,Andrea,Thompson,1968-09-05,NC,27654,Claim Administration
685,Diane,Garcia,1965-09-26,WA,98777,Financial Planning
686,Rodney,Parrish,1967-01-08,MI,48650,Financial Planning
687,Courtney,Hall,1957-01-14,LA,70972,Financial Planning
688,Lee,Baker,1970-02-17,MO,64540,Financial Planning
689,Beverly,Mcdonald,1978-09-01,AZ,85168,Financial Planning
690,Melissa,Wright,1983-07-06,SC,29257,Technical Support
691,Erika,Moses,1988-08-22,MO,64738,Claim Administration
692,Jacqueline,Taylor,1969-06-23,LA,70694,Technical Support
693,Tyrone,Rollins,1981-08-30,CT,06171,Financial Planning
694,Christopher,Carlson,1975-01-21,MD,21719,Technical Support
695,Kelly,Reed,1982-01-17,OK,73116,Financial Planning
696,April,Wright,1968-05-03,MN,56650,Technical Support
697,Jackson,Watkins,2000-04-18,DE,19845,Claim Administration
698,Theresa,Glover,1978-12-30,ND,58003,Claim Administration
699,Jessica,Roberts,1994-08-23,NJ,07940,Technical Support
700,Nicole,Luna,1956-10-06,MN,55064,Claim Administration
701,Scott,Johnson,1982-10-03,CT,06176,Financial Planning
702,Joseph,Smith,1996-07-03,ND,58280,Technical Support
703,Robert,Anderson,1990-04-11,ME,04405,Financial Planning
704,Marcus,Snyder,1978-09-27,MI,48387,Claim Administration
705,Patricia,Pace,2001-06-02,MD,21482,Claim Administration
706,Kristina,Lynch,1954-12-26,TN,37177,Claim Administration
707,Meagan,Welch,1964-08-15,NH,03553,Claim Administration
708,Gregory,Rogers,1981-05-12,OH,45396,Claim Administration
709,Hunter,Knight,1966-02-28,CO,80218,Claim Administration
710,Steven,Pollard,1980-09-30,AL,36373,Financial Planning
711,Jesse,Cooper,1983-06-02,MT,59266,Financial Planning
712,Anna,Smith,1985-05-18,RI,02844,Financial Planning
713,Gregory,Richard,1996-08-02,NV,89158,Claim Administration
714,Kathryn,Christian,1975-04-18,ME,04226,Technical Support
715,Kevin,Wright,1982-11-27,CA,90779,Financial Planning
716,Troy,Thomas,1987-07-25,WI,53346,Financial Planning
717,William,Montoya,1992-01-28,MI,48776,Claim Administration
718,Charles,Martin,1964-05-31,MT,59120,Claim Administration
719,Charles,Huber,1980-01-02,SC,29859,Financial Planning
720,Michael,Smith,1994-05-05,IL,61184,Financial Planning
721,Gary,Cook,1952-12-14,KS,67842,Claim Administration
722,Joshua,Prince,1963-08-29,IL,62612,Financial Planning
723,Christopher,Castillo,2004-04-16,ME,03978,Financial Planning
724,Samuel,Fox,1997-08-07,WA,98795,Technical Support
725,Brian,Kirk,1966-05-03,IA,51112,Financial Planning
726,Carol,Schaefer,1973-08-23,ND,58432,Claim Administration
727,Tricia,Knight,1970-06-02,ID,83333,Technical Support
728,Deborah,Reyes,2004-06-12,MT,59036,Claim Administration
729,Tina,White,1957-09-15,HI,96786,Claim Administration
730,James,Myers,1992-03-21,OR,97347,Financial Planning
731,Sabrina,Alexander,1983-10-18,NJ,07892,Claim Administration
732,Jennifer,Houston,2003-08-22,AR,71778,Claim Administration
733,Adam,Arellano,1995-08-18,MI,48718,Claim Administration
734,Nathaniel,Howard,1953-09-12,SD,57774,Claim Administration
735,Joanne,King,1957-11-07,AK,99691,Financial Planning
736,Adam,Sandoval,1974-02-05,OR,97224,Technical Support
737,Jennifer,Lewis,1985-07-10,CA,93749,Claim Administration
738,Tara,Moss,1980-01-21,UT,84362,Financial Planning
739,Marilyn,Rivers,1977-05-28,SD,57394,Technical Support
740,Michael,Atkins,1992-10-18,SC,29627,Financial Planning
741,Stacey,King,1950-04-25,AR,72300,Financial Planning
742,Dana,Guerrero,2000-06-12,UT,84581,Financial Planning
743,Jose,Harris,1983-03-09,WV,25266,Claim Administration
744,Jennifer,Jones,2004-02-03,OH,43512,Claim Administration
745,Andrea,Russell,1990-06-05,WA,98759,Claim Administration
746,Melissa,Johnson,1970-09-13,CT,06235,Claim Administration
747,James,Hart,1965-09-21,TN,37468,Claim Administration
748,Karen,Patterson,1982-07-20,DE,19758,Claim Administration
749,Maria,Bauer,1981-05-31,LA,70534,Technical Support
750,Tammy,Williams,1974-11-27,NC,27728,Technical Support
751,Pamela,Johnson,1952-04-19,LA,70622,Claim Administration
752,Danielle,Anderson,1997-05-29,VT,05082,Claim Administration
753,Jerry,Evans,1961-07-10,IL,62378,Technical Support
754,Holly,Johnson,1967-02-09,OK,73071,Claim Administration
755,Lauren,Pugh,1996-02-11,AZ,86117,Claim Administration
756,Paul,Coleman,1989-10-01,FL,32416,Technical Support
757,Abigail,Walker,1971-05-03,WA,98218,Technical Support
758,Matthew,Walls,1968-12-17,MA,02047,Technical Support
759,Lauren,Moore,1976-01-12,WY,82335,Claim Administration
760,Javier,Drake,1968-08-15,MO,64733,Financial Planning
761,Kathryn,Scott,1963-02-23,AR,72428,Technical Support
762,Shawna,Hale,1969-05-03,KY,40079,Financial Planning
763,Adam,Ward,1962-04-02,AL,35171,Financial Planning
764,Ashley,Hawkins,2002-03-17,DC,20010,Financial Planning
765,Erika,Phillips,1993-01-29,MO,65623,Claim Administration
766,David,Trujillo,1994-12-30,IL,62090,Financial Planning
767,Becky,Parrish,2004-03-16,MS,39021,Claim Administration
768,Zachary,Hill,1960-03-26,CO,80047,Financial Planning
769,Logan,Howard,1977-01-19,WY,82109,Claim Administration
770,Sabrina,Nguyen,2003-07-12,ME,04374,Claim Administration
771,Peter,Smith,1999-06-17,NJ,08294,Claim Administration
772,James,Lopez,1964-06-19,SC,29383,Technical Support
773,Vanessa,Cantrell,1967-01-29,VA,22990,Financial Planning
774,Kyle,Smith,1960-07-01,WV,25921,Claim Administration
775,Melissa,Hawkins,2003-04-06,NE,68018,Financial Planning
776,Raymond,Moyer,1985-08-23,MT,59470,Technical Support
777,Thomas,Buchanan,1962-03-07,WI,53875,Financial Planning
778,Allison,Glenn,1949-11-02,DC,20026,Claim Administration
779,Sean,Johnson,1957-01-19,UT,84482,Financial Planning
780,Cynthia,Young,1986-02-13,WV,25271,Technical Support
781,Kevin,Gray,1955-06-13,TX,79676,Claim Administration
782,Kenneth,Ware,2000-10-25,NV,89017,Claim Administration
783,William,Washington,1955-11-14,ND,58618,Financial Planning
784,Theodore,Grant,1961-04-14,KY,41462,Financial Planning
785,Leah,Lozano,1954-03-31,OH,43975,Financial Planning
786,Stephanie,Lambert,1987-10-24,ID,83221,Claim Administration
787,Shannon,Ramirez,1959-12-31,NE,68051,Claim Administration
788,Jeffrey,Mccormick,1963-04-06,SD,57235,Financial Planning
789,Christopher,Hernandez,1972-05-13,WV,25704,Technical Support
790,Nicole,Nielsen,2002-04-17,IN,46946,Claim Administration
791,Kiara,Walker,1970-12-24,WY,83031,Financial Planning
792,Robert,Moore,2002-12-28,AL,35313,Technical Support
793,Erin,Braun,1950-09-30,OR,97366,Claim Administration
794,Curtis,Combs,1997-12-19,LA,70883,Claim Administration
795,Kevin,Spencer,1964-08-05,MT,59562,Claim Administration
796,Chelsea,George,1993-08-20,FL,34135,Claim Administration
797,John,Diaz,1971-12-27,IN,46673,Technical Support
798,Laura,Conley,1998-01-05,AZ,85338,Technical Support
799,Tyler,James,1966-08-17,DE,19843,Financial Planning
800,Louis,Hawkins,1997-04-20,GA,30268,Technical Support
801,Patricia,Sweeney,1970-05-06,HI,96794,Claim Administration
802,Joshua,Russell,1981-12-26,VT,05442,Financial Planning
803,Rhonda,Dunn,1955-04-11,NV,89669,Claim Administration
804,Tyler,Wilkins,1977-01-15,ID,83300,Financial Planning
805,Erin,Rocha,1983-10-25,CA,94194,Technical Support
806,Amanda,Hall,2003-07-21,MT,59614,Claim Administration
807,Amanda,Gardner,1991-01-31,OH,45011,Technical Support
808,Sabrina,Jones,1975-03-28,MN,55768,Financial Planning
809,Michelle,Walls,1960-04-03,TX,75530,Financial Planning
810,Jennifer,Hamilton,1977-05-05,MO,64319,Claim Administration
811,Betty,Wright,1994-09-18,NC,27098,Technical Support
812,Denise,Vega,1998-04-07,NJ,08445,Technical Support
813,Renee,Baker,1974-09-01,GA,31015,Financial Planning
814,Melinda,Ray,1949-10-25,IN,46162,Technical Support
815,Linda,Hernandez,2004-05-13,PA,19017,Financial Planning
816,Wesley,Marsh,1968-11-07,WV,25181,Financial Planning
817,Maria,Tucker,2003-12-31,WA,98995,Financial Planning
818,Patricia,Duffy,1981-10-12,MD,21707,Financial Planning
819,Angela,Ellis,2002-12-18,KY,40268,Technical Support
820,Timothy,Wood,1975-01-24,MN,55738,Claim Administration
821,Christopher,Castro,1955-05-22,KS,66261,Financial Planning
822,Carol,Figueroa,1973-05-05,NV,89470,Technical Support
823,Tina,Erickson,1967-11-16,MA,01058,Technical Support
824,Caitlyn,Simpson,1974-09-19,LA,70126,Technical Support
825,Jesse,Johnson,1975-04-14,AL,35270,Claim Administration
826,Brandon,Miller,1967-09-20,LA,70305,Claim Administration
827,Crystal,Singleton,1959-08-22,ID,83282,Technical Support
828,Sarah,Morris,1958-02-15,OH,44452,Financial Planning
829,Samuel,Wilson,2004-05-08,WI,54309,Claim Administration
830,Donna,Torres,1998-05-26,IA,50419,Claim Administration
831,Rhonda,Hall,1971-01-31,MT,59685,Technical Support
832,Justin,Wells,2001-08-10,AK,99767,Financial Planning
833,Elizabeth,Williams,1996-09-04,NC,27645,Financial Planning
834,Douglas,Smith,1953-04-14,RI,02891,Technical Support
835,Cynthia,Graham,1994-01-03,SC,29542,Financial Planning
836,Amanda,Anderson,1955-09-01,WV,24876,Technical Support
837,James,Vasquez,1973-07-26,OK,73053,Financial Planning
838,Aaron,Fowler,1979-12-16,NJ,07391,Technical Support
839,Thomas,Woods,1966-06-22,IL,60331,Technical Support
840,Kristina,Friedman,1976-10-29,AR,72158,Claim Administration
841,Dana,Garcia,1954-07-23,VT,05354,Claim Administration
842,Randall,Hancock,1984-01-03,SC,29878,Claim Administration
843,Laura,Gonzales,1980-02-04,LA,70519,Financial Planning
844,Terri,Bishop,1952-05-25,AL,36727,Financial Planning
845,Gabrielle,Hernandez,1975-02-05,SC,29402,Technical Support
846,Brenda,Krueger,1962-02-09,SD,57004,Claim Administration
847,Samantha,Hubbard,1970-02-10,WI,53493,Claim Administration
848,Jacob,Ayala,1964-06-18,MS,39534,Financial Planning
849,Amanda,Hull,1982-02-02,NM,88269,Financial Planning
850,David,Ford,2003-08-21,IN,47872,Technical Support
851,Carrie,Li,1972-04-04,IA,50572,Technical Support
852,Yolanda,Marshall,1964-10-21,AR,72885,Technical Support
853,Brittney,Watson,1963-05-21,IA,50524,Technical Support
854,Regina,Simmons,1967-10-01,WV,25344,Claim Administration
855,Beth,Watkins,1966-05-03,MS,39170,Technical Support
856,Robert,Nichols,1988-07-15,DC,20020,Claim Administration
857,Charles,Simon,1984-11-06,ME,04880,Claim Administration
858,Taylor,Hancock,1956-08-08,OR,97366,Claim Administration
859,Jordan,Wilson,1976-11-11,OH,45196,Technical Support
860,Jeffrey,Thomas,2002-01-28,IL,61210,Claim Administration
861,Tina,Brown,1953-01-18,MS,39776,Technical Support
862,Glen,Miller,1955-01-17,UT,84471,Technical Support
863,Lauren,Bruce,1989-01-11,NH,03346,Claim Administration
864,Patrick,Hall,1955-08-08,LA,70218,Technical Support
865,Charles,Adams,1957-05-19,KY,42413,Claim Administration
866,Richard,Smith,1952-06-02,KY,41865,Claim Administration
867,Robert,Forbes,1981-04-07,MT,59582,Technical Support
868,Ronald,Solomon,1976-07-30,NH,03134,Claim Administration
869,James,Edwards,1999-06-25,FL,32345,Claim Administration
870,Caitlin,Ortega,2000-07-30,TX,75628,Claim Administration
871,Jennifer,Montoya,1975-11-16,MA,02462,Technical Support
872,Gary,Jefferson,1979-06-13,NE,68096,Financial Planning
873,Greg,Miller,1962-01-22,TX,78169,Financial Planning
874,Joseph,Adams,1968-07-07,MN,56548,Claim Administration
875,Ashley,Montgomery,1975-11-13,AZ,85878,Claim Administration
876,Susan,Nelson,1989-02-09,WI,54146,Claim Administration
877,David,Johnson,1957-06-28,IA,51270,Financial Planning
878,Eric,Williamson,1993-07-10,AR,71996,Financial Planning
879,Amanda,Phillips,1982-06-28,AR,71912,Financial Planning
880,Laurie,Garrett,1986-01-22,OH,44435,Technical Support
881,Andrea,Burns,1986-04-10,AZ,85322,Claim Administration
882,Juan,Smith,2002-10-26,OR,97435,Financial Planning
883,Benjamin,Simmons,1955-04-25,OK,73062,Claim Administration
884,Derrick,Clarke,1981-02-18,GA,30763,Claim Administration
885,Charlene,Avila,1983-02-25,KY,42058,Technical Support
886,Steven,Fisher,1985-09-13,NC,28006,Claim Administration
887,Matthew,Mcgee,2003-01-05,IA,50716,Financial Planning
888,James,Castillo,1982-02-26,LA,70829,Technical Support
889,John,Warren,1971-05-21,MN,55554,Financial Planning
890,Adam,Lester,1997-10-22,IN,46862,Claim Administration
891,Bethany,Hill,1979-07-23,GA,31912,Technical Support
892,Dawn,Moss,1964-10-16,VT,05471,Technical Support
893,Nicole,Bonilla,1993-02-13,HI,96716,Claim Administration
894,Danielle,Tucker,1982-01-17,NJ,07627,Financial Planning
895,Sharon,Jones,1949-03-28,LA,70926,Technical Support
896,Stephanie,Grant,2001-12-23,NH,03703,Financial Planning
897,Jamie,Kim,1969-06-25,ID,83651,Claim Administration
898,Heather,Brown,1999-01-13,TN,37683,Financial Planning
899,Steve,Garcia,2002-02-22,WA,99122,Financial Planning
900,Thomas,Mullen,1999-06-14,AL,36728,Claim Administration
901,Desiree,Gomez,1980-02-21,UT,84208,Technical Support
902,Mary,Keller,1995-11-09,NE,68088,Financial Planning
903,Renee,Cardenas,1974-02-25,TX,77455,Technical Support
904,Spencer,Reeves,1970-03-14,NH,03461,Claim Administration
905,Eddie,Blackwell,1991-06-22,NJ,08371,Claim Administration
906,Billy,Roberts,1970-07-10,ND,58809,Claim Administration
907,Austin,Nelson,1977-02-14,AR,72662,Claim Administration
908,Michael,Greer,1963-01-04,MN,55116,Technical Support
909,Robert,Mendoza,1962-12-22,MT,59892,Claim Administration
910,Amanda,Macias,1960-09-10,TN,37394,Claim Administration
911,Linda,Jones,1999-10-04,LA,71089,Claim Administration
912,Robert,Cole,1970-06-18,TN,37828,Claim Administration
913,Joan,Flores,1970-10-29,OH,44930,Claim Administration
914,Kendra,Lindsey,1960-12-24,VT,05297,Claim Administration
915,Jill,Moreno,1972-08-03,NJ,08478,Financial Planning
916,Sara,Roman,1994-02-18,LA,70793,Technical Support
917,Jade,Brady,1986-04-09,ME,03903,Technical Support
918,Bradley,Johnson,1957-02-22,VA,22550,Technical Support
919,Justin,Bishop,1958-06-27,CA,91396,Financial Planning
920,Rebekah,Taylor,1973-07-30,WV,24985,Technical Support
921,Elizabeth,Nelson,1966-08-27,MS,39220,Financial Planning
922,Brenda,Singh,1953-06-26,DC,20006,Technical Support
923,Brian,Baker,1952-03-12,RI,02869,Financial Planning
924,Matthew,Watts,1974-06-10,MT,59014,Financial Planning
925,Pamela,Day,1962-02-10,ME,04569,Claim Administration
926,Brandon,Garcia,1990-09-28,ND,58423,Technical Support
927,Keith,Martin,1983-09-09,MN,56147,Technical Support
928,Jenna,Powell,1971-12-25,MS,38951,Claim Administration
929,Bobby,Miller,1971-05-27,WY,82953,Financial Planning
930,Madeline,Myers,2001-03-23,DE,19717,Financial Planning
931,Angela,Stanley,1982-12-29,NH,03061,Financial Planning
932,Philip,Marshall,1967-01-18,WV,25515,Technical Support
933,Kathleen,Patterson,1949-07-07,DE,19962,Technical Support
934,Christopher,Novak,1991-11-03,VA,22623,Claim Administration
935,Philip,Collins,1995-06-16,VT,05046,Financial Planning
936,Matthew,Johnson,1987-08-05,MT,59430,Claim Administration
937,Thomas,Smith,1955-09-23,AR,71999,Financial Planning
938,Carl,Stanton,1961-11-06,IN,46935,Financial Planning
939,Anita,Griffin,1976-06-07,DE,19729,Technical Support
940,Amy,Williams,1970-11-19,WV,26003,Technical Support
941,Candice,Burns,1974-04-09,WV,25772,Financial Planning
942,Kenneth,Nguyen,1981-07-16,UT,84603,Claim Administration
943,Lucas,Mendoza,1965-02-28,RI,02837,Financial Planning
944,Renee,Thornton,1972-08-24,NV,89064,Claim Administration
945,Jeremy,Moore,1990-02-25,IL,62631,Financial Planning
946,Jennifer,Henderson,1974-03-18,TN,37961,Technical Support
947,Megan,Moore,1956-01-17,TX,79951,Claim Administration
948,Kari,Weaver,1964-09-27,WV,26670,Technical Support
949,Adam,Black,1977-09-28,TX,75503,Claim Administration
950,Laura,Hill,1995-02-25,IN,46887,Claim Administration
951,Laura,Diaz,2003-10-24,FL,32359,Claim Administration
952,Brooke,Wilson,1951-05-13,PA,17361,Financial Planning
953,Jeffrey,Edwards,1997-05-02,MI,49861,Technical Support
954,Victoria,Duran,1990-05-08,RI,02831,Claim Administration
955,Ronnie,Chase,1991-07-23,KS,67072,Claim Administration
956,Bruce,Thomas,1973-07-29,AZ,85371,Financial Planning
957,Carol,Klein,1979-08-29,WY,82082,Financial Planning
958,Franklin,Brown,2000-04-07,WV,24956,Financial Planning
959,James,Jones,1985-12-05,ME,04198,Financial Planning
960,April,Turner,1988-10-05,OR,97573,Technical Support
961,Luis,Taylor,1972-12-10,OK,73091,Claim Administration
962,Cynthia,Harmon,1954-02-08,OR,97310,Technical Support
963,Randy,Sullivan,1959-08-10,AR,71991,Technical Support
964,David,Clark,1998-12-18,ID,83451,Claim Administration
965,Rodney,Ross,1967-03-20,MT,59052,Financial Planning
966,John,Singh,1971-11-16,NV,88947,Financial Planning
967,Manuel,Bowers,1995-01-27,DC,20025,Financial Planning
968,Bobby,Luna,1955-11-29,IN,46387,Financial Planning
969,Jason,Moss,1971-10-26,NJ,07042,Financial Planning
970,Marcus,Randall,1949-02-26,MD,20822,Technical Support
971,Tanya,Dillon,1981-08-08,ID,83407,Claim Administration
972,Timothy,Mendez,1962-03-10,VA,23818,Technical Support
973,Allison,Bryan,1972-05-08,NH,03132,Financial Planning
974,Richard,Fuentes,1980-04-10,IL,61965,Claim Administration
975,Bradley,Miller,1969-06-29,NE,68028,Technical Support
976,Kevin,Cooper,1965-09-27,CA,92286,Claim Administration
977,Glenn,Anderson,1958-11-05,MI,49397,Financial Planning
978,Marie,Reyes,1989-03-13,LA,70054,Claim Administration
979,Troy,Castro,1982-05-30,IL,60906,Claim Administration
980,Mary,Powell,1969-05-31,NJ,07154,Financial Planning
981,Kelly,Taylor,1981-06-28,HI,96889,Technical Support
982,Pamela,Alexander,1965-03-19,NJ,08815,Technical Support
983,Timothy,Lee,1983-07-01,OH,45277,Technical Support
984,Robert,Hall,1956-06-03,MN,55286,Financial Planning
985,John,Lamb,2001-11-12,PA,15306,Claim Administration
986,Jamie,Lopez,1967-12-02,DC,20009,Claim Administration
987,Kathy,Zuniga,1970-01-04,RI,02819,Financial Planning
988,Jasmine,Fowler,1956-03-22,ID,83489,Financial Planning
989,Andrew,Murillo,1952-09-25,IN,46101,Claim Administration
990,Isabella,Stanley,2002-09-02,NY,14579,Financial Planning
991,Diana,Cooley,1961-05-14,NE,68096,Technical Support
992,Michael,Wood,1973-11-29,IN,47834,Financial Planning
993,Kim,James,1983-01-26,MA,02485,Financial Planning
994,Jon,Huerta,1952-12-21,NE,68114,Claim Administration
995,Kathleen,Hobbs,1952-03-02,LA,70448,Financial Planning
996,Jamie,Mcdaniel,2002-12-11,WA,98681,Financial Planning
997,Christine,Henson,1960-08-01,OH,43672,Technical Support
998,Dalton,Gonzalez,1986-12-09,HI,96729,Claim Administration
999,Kevin,Perry,1969-04-23,MI,49436,Technical Support
1000,Matthew,Johnson,1950-01-23,GA,30513,Financial Planning
1001,Mary,Phillips,1949-09-05,ME,04991,Claim Administration
1002,Nicholas,Huber,1966-03-26,NE,68055,Technical Support
1003,Desiree,Figueroa,1952-04-17,ME,04318,Claim Administration
1004,Michelle,Thomas,1968-12-15,NE,68048,Technical Support
1005,Anne,Moore,1985-10-27,CT,06369,Claim Administration
1006,Phyllis,Porter,1971-07-01,IA,52465,Claim Administration
1007,Heather,Smith,1977-10-11,IA,50077,Technical Support
1008,Gabrielle,Carroll,1998-03-03,VA,22083,Financial Planning
1009,Tina,Clark,1955-10-23,NE,68055,Technical Support
1010,Michael,Pennington,1956-02-18,IL,62018,Claim Administration
1011,Erica,Schneider,1985-08-30,OH,43154,Claim Administration
1012,John,Carpenter,1962-02-22,KS,67405,Claim Administration
1013,Heather,Allen,1994-04-27,WI,54528,Claim Administration
1014,William,Anderson,1953-10-13,VA,22745,Claim Administration
1015,Amber,Smith,1962-02-20,NY,14700,Claim Administration
1016,Kevin,Wilson,1973-06-26,NY,13368,Claim Administration
1017,Jason,Sutton,1965-10-10,SC,29483,Financial Planning
1018,Melissa,Hammond,1989-09-17,NJ,08977,Claim Administration
1019,Erica,Conner,1970-10-02,NJ,08821,Claim Administration
1020,Daniel,Ritter,1999-04-04,FL,34837,Technical Support
1021,Caroline,Black,1993-11-12,IA,50883,Financial Planning
1022,Tricia,Lewis,1958-10-06,TN,38115,Technical Support
1023,Brooke,Padilla,1987-07-01,NV,88989,Claim Administration
1024,Cathy,Gomez,2002-08-21,NY,10904,Technical Support
1025,Rebecca,Hunt,2004-09-06,IN,47505,Financial Planning
1026,Johnathan,Weaver,1982-09-07,IL,62092,Claim Administration
1027,Timothy,Prince,1980-03-04,ME,04248,Financial Planning
1028,Alisha,Medina,1992-05-31,HI,96777,Claim Administration
1029,Michael,Mack,1955-06-05,IA,52561,Technical Support
1030,Douglas,Garrison,1978-03-09,AZ,85123,Technical Support
1031,Gary,Clark,1978-02-21,TN,38411,Financial Planning
1032,Angela,Peters,1957-06-22,ND,58319,Claim Administration
1033,Melissa,Gray,1990-03-08,MT,59821,Claim Administration
1034,Robin,Bowen,1963-06-20,WA,98139,Financial Planning
1035,Jennifer,Nash,1963-05-12,MA,02116,Financial Planning
1036,Jermaine,Wells,1975-12-26,CA,91409,Financial Planning
1037,Jerome,Peters,1959-09-12,PA,15480,Financial Planning
1038,Samuel,Arellano,1973-10-02,MA,01656,Claim Administration
1039,Henry,Carroll,1990-11-05,MA,01924,Technical Support
1040,Kimberly,Sanchez,1950-07-12,ND,58178,Technical Support
1041,Teresa,White,1998-02-09,TX,79919,Financial Planning
1042,Christopher,Silva,1996-07-05,NE,68047,Financial Planning
1043,Kayla,Ferguson,1992-02-26,MN,55245,Technical Support
1044,Mia,Reed,1961-06-11,KS,66772,Financial Planning
1045,Steven,Fuentes,1966-10-29,ND,58813,Financial Planning
1046,Stephanie,Reeves,1971-05-11,WY,83123,Technical Support
1047,Brenda,Dixon,1989-08-20,MO,63510,Financial Planning
1048,Brenda,Stone,1976-05-22,OK,73054,Claim Administration
1049,Debbie,Alvarez,1987-08-11,ME,04587,Financial Planning
1050,Madison,Doyle,2001-07-10,OR,97301,Technical Support
1051,Calvin,Acevedo,1953-04-07,MA,02614,Claim Administration
1052,James,Brown,1994-07-17,MN,56629,Claim Administration
1053,Donald,Espinoza,2001-03-14,WV,26551,Claim Administration
1054,Christina,Chavez,1997-02-10,AL,36626,Financial Planning
1055,Theresa,Fletcher,1956-06-30,FL,33936,Technical Support
1056,Amy,Brown,1974-05-07,VA,22159,Claim Administration
1057,Stacy,Garcia,1966-12-23,ID,83324,Technical Support
1058,Emily,Fisher,1955-08-09,AR,71736,Claim Administration
1059,Jeremy,Garner,2001-09-03,AZ,86171,Claim Administration
1060,Wesley,Wright,1953-07-20,CO,80341,Technical Support
1061,Madison,Lara,1977-12-19,ND,58381,Claim Administration
1062,Andrew,Ayers,1984-10-16,NM,88071,Claim Administration
1063,Sarah,Ferrell,1989-01-23,ID,83589,Financial Planning
1064,Joshua,Mccoy,1954-04-10,MA,02035,Financial Planning
1065,Barry,Gutierrez,1977-12-03,IA,50928,Technical Support
1066,Elizabeth,Morgan,1952-12-09,MD,21371,Financial Planning
1067,Mary,Johnson,1958-11-21,IN,47642,Claim Administration
1068,Carol,Parrish,1969-04-09,LA,70428,Technical Support
1069,Vanessa,Palmer,1994-07-28,DE,19845,Claim Administration
1070,Karen,Spencer,1967-10-07,AK,99708,Financial Planning
1071,Philip,Peck,1983-10-17,NM,88436,Claim Administration
1072,Victoria,Rogers,1953-09-07,MO,63885,Claim Administration
1073,Robert,Wilkinson,1972-02-04,AZ,86288,Claim Administration
1074,Juan,Reeves,1992-03-23,VT,05264,Claim Administration
1075,Debra,Arnold,1996-05-03,VA,22828,Technical Support
1076,Amy,West,1988-04-30,DE,19753,Claim Administration
1077,Joseph,Cisneros,1979-09-26,CT,06195,Technical Support
1078,Janice,Fields,1950-04-15,TX,79454,Technical Support
1079,Patrick,Johnston,1954-12-09,VT,05192,Financial Planning
1080,Holly,Gomez,1977-10-30,PA,15573,Technical Support
1081,Latasha,Bailey,1976-04-03,AL,36231,Technical Support
1082,Jamie,Blankenship,1974-12-23,WV,25220,Technical Support
1083,Michael,Bowers,1987-01-22,DE,19779,Financial Planning
1084,Andre,Conway,1992-06-29,NM,88170,Claim Administration
1085,Allison,Williams,1999-01-27,DE,19750,Financial Planning
1086,Thomas,Walker,1977-08-03,HI,96853,Financial Planning
1087,Kevin,Wolf,2001-08-22,WV,26592,Technical Support
1088,Matthew,Brown,1995-10-27,ME,04876,Financial Planning
1089,Eric,Brown,1949-06-03,VT,05246,Technical Support
1090,Stephanie,Johnson,1998-12-17,OR,97237,Claim Administration
1091,Roy,Lee,2004-06-14,VA,23222,Claim Administration
1092,Carlos,Fleming,1976-09-04,IL,60496,Claim Administration
1093,Ryan,Kerr,1995-08-13,SD,57008,Financial Planning
1094,Daniel,Anderson,1958-10-15,ME,04824,Claim Administration
1095,Melanie,Robinson,2002-11-18,AL,35212,Technical Support
1096,Wendy,Palmer,1972-12-08,OH,43824,Claim Administration
1097,John,Walters,1979-12-26,NJ,07849,Claim Administration
1098,Roger,Horn,1979-10-29,DE,19813,Technical Support
1099,Dalton,Rodriguez,1984-11-12,DC,20024,Financial Planning
1100,Angela,Turner,1976-05-14,AL,35285,Financial Planning
1101,James,Collins,1949-07-01,LA,70439,Financial Planning
1102,Scott,Evans,1969-10-14,NJ,07464,Claim Administration
1103,Matthew,Smith,1984-04-19,AR,71848,Claim Administration
1104,Nicole,Collins,2003-08-03,VT,05163,Financial Planning
1105,Barbara,Myers,2002-07-07,ME,04970,Financial Planning
1106,Sarah,Flores,1999-08-21,NJ,07221,Claim Administration
1107,Melanie,Ingram,2003-11-18,GA,31651,Claim Administration
1108,Michael,Webb,1988-03-29,NC,28574,Claim Administration
1109,Anthony,Wright,1975-09-19,NE,68061,Financial Planning
1110,Gregory,Duncan,1954-11-06,ND,58014,Financial Planning
1111,Heather,Booker,1970-06-08,MN,55465,Claim Administration
1112,Patricia,Cardenas,1979-05-23,WI,54230,Financial Planning
1113,Shane,House,2004-05-30,MN,56456,Technical Support
1114,Jason,Jones,1997-10-31,CA,90780,Financial Planning
1115,Samantha,English,1982-05-30,WY,82369,Financial Planning
1116,Chelsey,Johnson,1974-10-06,MD,21854,Claim Administration
1117,Stephanie,Gomez,1991-01-29,OK,73194,Technical Support
1118,Christopher,Wise,1978-03-23,PA,17311,Claim Administration
1119,Courtney,Swanson,1985-12-11,ID,83216,Financial Planning
1120,Jessica,Perez,1976-04-26,AK,99576,Claim Administration
1121,Kelly,Jones,1988-08-04,VA,22075,Technical Support
1122,Kathleen,Pierce,1950-04-16,NM,88129,Claim Administration
1123,Nicole,Anthony,1961-09-03,AL,35682,Technical Support
1124,Angela,Graham,1966-10-20,HI,96719,Claim Administration
1125,Harold,Taylor,1979-12-12,AK,99638,Technical Support
1126,Matthew,Stewart,1983-09-30,CT,06038,Technical Support
1127,Mark,Daniel,1961-06-29,CA,90809,Financial Planning
1128,Cynthia,Dyer,1996-02-10,IL,60359,Claim Administration
1129,Steven,West,1978-09-02,KY,41751,Technical Support
1130,Lucas,Nelson,1953-12-17,TX,76604,Technical Support
1131,Anthony,Fox,1973-06-16,AZ,86141,Financial Planning
1132,Justin,Thompson,2001-09-28,MT,59816,Claim Administration
1133,James,Butler,1975-02-08,PA,17728,Claim Administration
1134,Jessica,Blair,1984-10-27,MT,59013,Technical Support
1135,Melissa,Diaz,1961-12-22,ND,58179,Claim Administration
1136,Pamela,Romero,1998-10-09,DC,20014,Technical Support
1137,Jennifer,Brown,1954-12-09,OK,73169,Claim Administration
1138,Katherine,Davis,1974-03-10,FL,34077,Claim Administration
1139,Jeffrey,Bowen,1981-11-27,VT,05241,Technical Support
1140,Mark,Whitaker,1977-09-20,OK,73114,Technical Support
1141,Martha,Sanchez,1978-01-24,ND,58794,Financial Planning
1142,Stacey,Anderson,1996-03-04,MT,59744,Technical Support
1143,Nathan,Wise,1981-04-15,HI,96824,Technical Support
1144,Michael,Hall,1966-07-09,NJ,07061,Technical Support
1145,Joanne,Williams,1990-06-09,AR,72846,Claim Administration
1146,Amanda,Hicks,1962-07-25,MT,59725,Financial Planning
1147,Pamela,Davis,1962-01-21,HI,96794,Financial Planning
1148,Deanna,Anderson,1977-05-01,PA,16591,Financial Planning
1149,Kendra,Hudson,1978-02-24,TN,38533,Technical Support
1150,Caleb,Tate,1964-07-10,AZ,85587,Financial Planning
1151,William,Cunningham,1975-02-12,UT,84716,Technical Support
1152,Andrea,Armstrong,1981-07-29,WI,53871,Financial Planning
1153,Michael,Bullock,1988-05-25,WI,54838,Technical Support
1154,Thomas,Baker,1948-12-01,DE,19713,Claim Administration
1155,Adam,Sexton,1981-12-31,AL,35138,Financial Planning
1156,Dawn,Hines,1995-06-15,MO,63630,Financial Planning
1157,Tyler,Bradley,1990-10-03,FL,33751,Claim Administration
1158,Claudia,Gardner,1959-07-22,OH,43875,Claim Administration
1159,Charles,Johnson,1978-10-20,IL,60361,Financial Planning
1160,Tina,Johnson,1954-08-06,AK,99867,Financial Planning
1161,Sherri,Scott,2004-05-25,SD,57569,Claim Administration
1162,Alejandro,Smith,2004-01-24,AR,72764,Claim Administration
1163,Laura,Robinson,1986-07-08,ID,83404,Financial Planning
1164,Joseph,Martin,1994-10-07,NY,13218,Financial Planning
1165,Leah,Collins,1956-06-11,ME,04239,Financial Planning
1166,Melissa,Powell,1957-01-11,WY,82311,Claim Administration
1167,Jessica,Lawrence,1953-09-13,RI,02905,Financial Planning
1168,Dawn,Harrison,1961-10-01,OK,73074,Claim Administration
1169,Nicholas,Kramer,1999-05-23,SD,57285,Financial Planning
1170,Jacob,Byrd,1953-10-05,ID,83648,Technical Support
1171,Michelle,Clark,1959-05-29,MD,21794,Claim Administration
1172,Matthew,Dominguez,2002-11-19,AR,72725,Technical Support
1173,Brooke,Davis,1999-08-24,MT,59167,Claim Administration
1174,Karen,Harris,1963-01-01,MA,02726,Technical Support
1175,Tiffany,Hays,2002-07-05,ND,58394,Technical Support
1176,Melissa,Cain,1998-08-25,WV,25938,Claim Administration
1177,George,Larson,1989-02-21,NE,68029,Claim Administration
1178,Christina,Lindsey,1996-12-25,ME,04099,Technical Support
1179,Cynthia,Ortiz,1967-07-13,PA,19625,Technical Support
1180,Darrell,Wall,1979-05-10,RI,02818,Technical Support
1181,Michael,Hayes,1978-09-21,OR,97180,Financial Planning
1182,Janet,Rodriguez,1956-11-04,WI,53159,Claim Administration
1183,Mark,Hill,1953-07-31,SC,29241,Technical Support
1184,Brittany,Johnson,1957-11-24,NY,13597,Financial Planning
1185,James,Gould,1979-02-04,MI,49513,Claim Administration
1186,Danielle,Phillips,1950-06-03,IN,47789,Technical Support
1187,Wendy,Walker,1990-11-15,AL,36831,Technical Support
1188,Gregory,Miller,1994-09-29,SD,57509,Claim Administration
1189,Rebecca,Harrison,1949-07-14,WA,98042,Financial Planning
1190,Brian,Pierce,1989-09-26,SC,29760,Financial Planning
1191,Richard,Bailey,1992-11-26,TN,37254,Financial Planning
1192,Edward,Johnson,1999-10-22,MO,63303,Claim Administration
1193,April,Adams,1993-09-15,SC,29163,Financial Planning
1194,Thomas,White,1954-05-12,NV,89419,Claim Administration
1195,Darlene,Carr,1973-01-20,PA,15255,Technical Support
1196,Melissa,Hughes,1976-11-25,OK,73063,Claim Administration
1197,Crystal,Lane,1978-01-15,FL,33302,Technical Support
1198,Connie,Neal,2003-04-09,FL,33358,Claim Administration
1199,Michael,Tate,1966-03-10,NJ,08198,Financial Planning
1200,Andrew,Clark,1988-07-15,NE,68030,Financial Planning
1201,Franklin,Ware,1984-02-10,HI,96877,Financial Planning
1202,Jennifer,Harris,1992-10-18,DC,20027,Claim Administration
1203,Christine,Williams,1995-06-14,CO,81144,Claim Administration
1204,Rodney,Johnson,1962-06-14,UT,84398,Technical Support
1205,Michael,Smith,1953-01-26,UT,84259,Financial Planning
1206,Matthew,Parker,1980-05-28,NH,03366,Technical Support
1207,Sarah,Fernandez,1999-10-15,SD,57304,Claim Administration
1208,Monica,Anderson,1985-04-04,MI,49433,Claim Administration
1209,Brady,Andrews,1978-06-28,WA,98660,Technical Support
1210,Rickey,Mcdaniel,1966-11-26,KY,41296,Financial Planning
1211,Cynthia,Obrien,1987-01-20,IL,60527,Financial Planning
1212,Matthew,Thomas,1956-12-02,NV,89440,Technical Support
1213,Gary,Smith,1990-12-07,AL,36202,Claim Administration
1214,Amanda,Gutierrez,1981-11-08,MO,63357,Technical Support
1215,Debra,Johnson,1959-09-15,MT,59675,Financial Planning
1216,Stephen,Sheppard,1982-06-15,MD,21777,Financial Planning
1217,Chelsea,Todd,1969-03-24,NJ,08299,Claim Administration
1218,Sharon,Thompson,1975-06-16,AR,71755,Claim Administration
1219,Denise,Walker,1978-11-14,WI,53724,Claim Administration
1220,Sharon,Gonzalez,1961-09-11,VT,05061,Claim Administration
1221,Timothy,Jackson,1975-02-12,MT,59643,Financial Planning
1222,Jesse,Russo,1974-04-27,UT,84011,Claim Administration
1223,James,Green,1955-08-18,TX,76798,Financial Planning
1224,Joseph,Lane,1976-11-06,NH,03657,Financial Planning
1225,Eric,Johnson,1999-04-02,ME,04835,Financial Planning
1226,Michael,Fisher,1996-10-04,VT,05119,Technical Support
1227,Michael,Sanchez,2003-10-26,OH,43109,Claim Administration
1228,Tina,Mitchell,1963-02-07,RI,02801,Technical Support
1229,Sarah,Norton,1959-12-26,OR,97652,Financial Planning
1230,Sean,Robles,1993-09-15,NH,03305,Technical Support
1231,Bryan,Barker,1958-07-18,MO,65101,Financial Planning
1232,Jennifer,Ramos,1981-05-19,MO,64151,Financial Planning
1233,Paula,Lee,1977-03-05,WA,98420,Financial Planning
1234,Lori,Jackson,1989-11-13,MA,02449,Technical Support
1235,Vanessa,Hicks,1957-12-13,KS,66627,Financial Planning
1236,Marcus,Weiss,1995-11-13,CO,80653,Claim Administration
1237,Stacey,Gray,1967-09-02,CT,06382,Technical Support
1238,Carlos,Howard,1979-12-08,OR,97253,Financial Planning
1239,Alexandra,Lopez,1951-10-27,CT,06273,Financial Planning
1240,Mark,Turner,1998-04-05,AR,72382,Financial Planning
1241,David,Ramirez,2003-12-31,CO,81283,Technical Support
1242,Nicole,Gross,1964-09-17,VA,22916,Claim Administration
1243,Stacy,Andrews,1952-09-13,AK,99505,Technical Support
1244,Robert,Reed,1982-07-27,FL,33485,Claim Administration
1245,Matthew,Wood,1952-01-22,RI,02887,Claim Administration
1246,Jeremy,Beck,1992-08-21,NY,12688,Claim Administration
1247,David,Foster,2000-10-23,UT,84180,Claim Administration
1248,Jesse,Mills,1951-12-14,VA,22284,Financial Planning
1249,Jennifer,Jennings,1999-08-28,KS,66220,Technical Support
1250,Emily,Jackson,1988-05-24,NE,68078,Claim Administration
1251,Kathleen,Calderon,1955-06-16,WI,53914,Claim Administration
1252,Caitlin,Fisher,1968-03-23,VT,05456,Technical Support
1253,Sandra,Medina,2001-07-27,GA,31855,Technical Support
1254,Manuel,Larson,1995-03-30,ND,58191,Claim Administration
1255,Regina,King,1981-06-27,HI,96841,Financial Planning
1256,Jeffrey,Ramirez,1973-07-10,OH,45258,Technical Support
1257,Elizabeth,Myers,1986-04-05,MS,39502,Financial Planning
1258,Bethany,Moore,1966-12-02,IN,47500,Claim Administration
1259,Gabrielle,Harris,1997-06-21,SC,29316,Financial Planning
1260,Jessica,Hernandez,1968-07-17,AR,72932,Claim Administration
1261,Kristen,Wilson,1950-10-17,NM,87774,Technical Support
1262,Robert,Davis,1991-10-19,AK,99873,Financial Planning
1263,Francisco,Wells,1952-04-24,MD,20968,Financial Planning
1264,Brandy,Blankenship,1967-09-30,MT,59548,Technical Support
1265,Cody,Walter,1981-05-04,IN,46017,Financial Planning
1266,Linda,Sharp,1950-05-02,VT,05351,Technical Support
1267,Amber,Edwards,1952-12-11,FL,32344,Financial Planning
1268,Alexandra,Romero,1990-06-22,MI,48015,Technical Support
1269,Kelly,Pena,1951-05-14,NJ,08309,Claim Administration
1270,Timothy,Prince,1966-05-25,WI,53320,Financial Planning
1271,Jessica,Wilson,1978-11-28,OH,43186,Claim Administration
1272,Barbara,Young,1994-03-25,OK,73162,Claim Administration
1273,Krystal,Wilson,1994-11-09,MD,20994,Technical Support
1274,Jessica,Miller,1950-05-25,TX,76823,Financial Planning
1275,Jessica,Shaw,1951-01-26,VA,23472,Claim Administration
1276,James,Wilkins,1974-06-21,MA,01237,Technical Support
1277,Jennifer,Lewis,1995-03-25,IA,51914,Claim Administration
1278,Christopher,Smith,1967-05-08,ND,58812,Financial Planning
1279,William,Murphy,2004-02-02,NC,27132,Technical Support
1280,Lisa,Knapp,1962-01-31,NH,03770,Technical Support
1281,Brandy,Yates,1992-10-27,RI,02867,Financial Planning
1282,Edward,Velazquez,1988-07-30,MA,02162,Financial Planning
1283,Robert,Stevens,1971-07-08,FL,33404,Claim Administration
1284,Courtney,Roberts,1958-03-20,ND,58088,Claim Administration
1285,Daniel,Duncan,1986-12-04,MN,55777,Claim Administration
1286,Kimberly,Nelson,1981-01-11,CT,06124,Technical Support
1287,Ricardo,Jacobs,1970-07-21,OH,45736,Claim Administration
1288,Raven,Evans,1962-06-22,TX,78031,Financial Planning
1289,Paul,Soto,1956-11-09,OK,73041,Financial Planning
1290,David,Cox,2002-09-20,SC,29267,Claim Administration
1291,John,Evans,2004-04-26,NE,68077,Technical Support
1292,Charles,Santana,1964-04-10,TX,77005,Technical Support
1293,Rebecca,Simpson,1949-04-18,NE,68047,Claim Administration
1294,Robert,Navarro,1967-07-31,NE,68075,Claim Administration
1295,Cheryl,Thompson,1987-03-30,NH,03431,Financial Planning
1296,Lorraine,Anderson,1955-11-02,NH,03701,Financial Planning
1297,Collin,Lowe,1951-08-22,NV,89199,Claim Administration
1298,Scott,Holden,1952-04-15,KS,67255,Technical Support
1299,Roger,Phillips,1979-10-27,NM,88021,Financial Planning
1300,Cassandra,Braun,1989-05-18,GA,31800,Technical Support
1301,Anthony,Cruz,1955-05-06,LA,70696,Claim Administration
1302,Amber,Davis,1982-11-15,HI,96803,Financial Planning
1303,Dwayne,Yates,1958-07-12,ID,83562,Claim Administration
1304,Keith,Fletcher,1984-10-29,OK,73148,Technical Support
1305,Howard,Johnson,1981-08-17,PA,15580,Financial Planning
1306,Amber,Horton,1978-02-09,AK,99521,Financial Planning
1307,Michael,Mann,1954-06-13,OK,73033,Claim Administration
1308,Jessica,Young,1978-12-02,MI,48107,Financial Planning
1309,Tracie,Greer,1955-09-29,TN,38452,Claim Administration
1310,Jared,Page,1976-11-09,LA,71153,Technical Support
1311,Brian,Castro,1971-07-18,HI,96865,Claim Administration
1312,Ricky,Frye,1996-12-22,AL,35746,Claim Administration
1313,Zachary,Wheeler,2004-07-18,OH,44569,Financial Planning
1314,Katherine,Lewis,1974-08-11,IL,62256,Technical Support
1315,Cheryl,Lang,1960-03-03,WY,82402,Claim Administration
1316,Stephen,Pineda,1994-09-25,GA,31772,Technical Support
1317,Brett,Hernandez,1961-07-16,DE,19906,Financial Planning
1318,Jennifer,Gregory,1982-09-22,DE,19749,Claim Administration
1319,Rebecca,Prince,1967-02-28,IN,47108,Financial Planning
1320,Linda,Knight,1973-08-01,AZ,85666,Financial Planning
1321,Carolyn,Dean,1972-12-30,ND,58800,Technical Support
1322,Donna,Wells,1969-11-28,NM,88056,Technical Support
1323,Rebecca,Meyer,1995-10-08,NV,89304,Technical Support
1324,Hunter,Doyle,2002-11-10,RI,02860,Technical Support
1325,Susan,Mckenzie,1978-07-26,MO,65083,Financial Planning
1326,Jacqueline,Barrett,1952-10-19,MA,01617,Claim Administration
1327,Valerie,Johnson,1959-06-29,TN,38227,Technical Support
1328,Cassandra,Hardy,1985-12-02,NV,89380,Technical Support
1329,Rebecca,Orr,1963-09-30,IN,46194,Technical Support
1330,Brandon,Park,1966-02-09,IA,50916,Claim Administration
1331,Yvette,Lozano,1996-07-11,DC,20036,Financial Planning
1332,Linda,Miller,1950-08-05,OR,97158,Claim Administration
1333,Linda,Jordan,1982-01-08,LA,70410,Technical Support
1334,Jason,Montgomery,1994-07-21,TN,37206,Financial Planning
1335,Kendra,Waters,1979-10-15,FL,34906,Technical Support
1336,Christopher,Proctor,2003-04-02,WI,53992,Claim Administration
1337,Ronnie,Crosby,1973-04-17,MD,21372,Claim Administration
1338,Gary,James,1981-04-10,KY,41920,Financial Planning
1339,Brian,Miller,1971-07-04,RI,02816,Financial Planning
1340,David,Kirk,1971-09-10,AR,72547,Claim Administration
1341,Raymond,Hernandez,1989-11-03,DE,19856,Technical Support
1342,Stephanie,Moses,1951-07-26,VT,05055,Financial Planning
1343,Megan,Lee,1987-03-28,CA,95867,Claim Administration
1344,Michelle,Daniels,1997-10-12,MS,39304,Technical Support
1345,Steven,Barry,1973-10-15,ID,83602,Claim Administration
1346,Jason,Kelly,1981-05-26,ME,04269,Claim Administration
1347,Barbara,Alvarado,1983-09-13,KS,67879,Claim Administration
1348,Brian,Moore,1977-05-13,CA,94595,Financial Planning
1349,Renee,Meyer,1992-10-18,NY,10856,Technical Support
1350,Tom,Gaines,2003-06-08,WI,54510,Technical Support
1351,Jill,Chapman,2001-11-24,MO,65440,Claim Administration
1352,Crystal,Smith,1989-05-20,CO,80690,Financial Planning
1353,John,Anderson,1980-01-16,SC,29457,Technical Support
1354,George,Garza,1969-10-18,MA,01697,Claim Administration
1355,Kaylee,Montgomery,1998-09-05,WA,98430,Financial Planning
1356,Katherine,Ramirez,1986-03-21,FL,33749,Technical Support
1357,Christopher,Stewart,1956-11-28,ND,58735,Claim Administration
1358,Jacob,Sweeney,1987-04-01,LA,70546,Financial Planning
1359,Brenda,Beasley,1990-04-17,PA,19357,Technical Support
1360,Curtis,Curry,1988-02-23,AK,99803,Financial Planning
1361,Christina,Wheeler,1999-01-13,VT,05111,Technical Support
1362,Jason,Gibson,1989-01-07,ID,83218,Financial Planning
1363,George,Shaffer,2003-02-16,DC,20037,Financial Planning
1364,Jeremy,Henderson,2002-04-24,MO,64080,Claim Administration
1365,Anne,Ramsey,1957-05-29,OH,45878,Technical Support
1366,Timothy,Wilkins,1986-04-27,UT,84394,Financial Planning
1367,Robert,Robinson,1991-07-03,AL,35081,Technical Support
1368,Kimberly,Cross,1950-10-11,KY,41702,Claim Administration
1369,Michael,Edwards,1980-06-05,WA,98638,Claim Administration
1370,Timothy,Atkins,1984-07-21,IA,51980,Claim Administration
1371,Jose,Maxwell,1967-07-11,ND,58840,Financial Planning
1372,Erica,Green,1999-06-24,CT,06020,Financial Planning
1373,Alec,Conner,1963-04-20,MT,59081,Technical Support
1374,Russell,Henderson,1966-11-06,ID,83285,Technical Support
1375,Tony,Russell,1983-06-03,OR,97380,Technical Support
1376,Julia,Jones,1977-02-14,SD,57246,Claim Administration
1377,Stephanie,Ingram,1969-04-05,IN,46585,Claim Administration
1378,Amy,Campbell,1955-02-06,TN,37484,Financial Planning
1379,Bradley,Travis,1988-10-14,WV,24726,Financial Planning
1380,Kimberly,Green,1988-09-28,IN,46710,Technical Support
1381,Billy,Rios,2003-08-12,MT,59322,Claim Administration
1382,Matthew,Montgomery,1982-09-01,CT,06205,Claim Administration
1383,Joshua,Hayes,1962-01-06,UT,84504,Claim Administration
1384,Mark,Brown,1986-01-02,AR,71662,Technical Support
1385,Karen,Alexander,2000-11-10,MT,59014,Claim Administration
1386,Shawn,Sanchez,1998-05-04,CT,06075,Claim Administration
1387,Matthew,Brown,1984-07-29,AL,35191,Technical Support
1388,Cody,Adams,1974-06-09,DE,19960,Financial Planning
1389,Daniel,Garcia,1967-04-06,NE,68117,Financial Planning
1390,Gabrielle,Morales,1986-12-29,AR,71770,Claim Administration
1391,Jasmine,Phelps,1991-01-05,NJ,08397,Technical Support
1392,David,Tucker,1979-04-27,SC,29234,Claim Administration
1393,Antonio,Smith,1986-03-07,KS,66267,Claim Administration
1394,Natalie,Williamson,2000-06-04,NC,27347,Technical Support
1395,Steve,Smith,2003-05-02,AK,99910,Claim Administration
1396,Robert,Morrow,1976-08-22,NJ,08289,Claim Administration
1397,Wendy,Riggs,1978-07-26,ID,83448,Technical Support
1398,Rebecca,Hayes,1982-07-29,NE,68046,Claim Administration
1399,Barry,Castillo,1957-09-23,OH,44717,Technical Support
1400,Tyler,King,1968-09-30,ME,04458,Claim Administration
1401,Emily,Bryan,1968-03-13,AR,71966,Technical Support
1402,Alison,Yu,1982-01-05,MD,21345,Technical Support
1403,Tyler,Trujillo,1968-04-16,MI,48164,Financial Planning
1404,Danny,Miller,1992-07-01,CT,06184,Claim Administration
1405,Dylan,Moore,1965-03-27,WI,54200,Financial Planning
1406,Paul,Hodges,1989-12-03,CT,06163,Technical Support
1407,Kathryn,Powers,1953-01-06,NM,87789,Claim Administration
1408,Colin,Becker,1966-08-19,NE,68069,Claim Administration
1409,Dean,Aguilar,1950-04-26,WA,98968,Technical Support
1410,Brandon,Smith,1960-01-23,WV,26102,Technical Support
1411,Nicole,Erickson,2003-08-25,CO,80223,Financial Planning
1412,Shaun,Sellers,1969-01-25,VA,22984,Technical Support
1413,Michelle,Holmes,1987-03-25,GA,31500,Claim Administration
1414,Sandra,Green,2000-05-11,GA,30132,Financial Planning
1415,Kevin,Becker,1950-07-29,DC,20012,Technical Support
1416,Debra,Payne,1956-04-19,MS,39520,Technical Support
1417,Cassandra,Brooks,1962-08-06,NC,28506,Technical Support
1418,Benjamin,Gomez,2004-04-17,TX,79472,Claim Administration
1419,Daniel,Patel,1977-10-26,TX,76975,Claim Administration
1420,Sara,Lee,1976-07-09,RI,02863,Financial Planning
1421,Amy,Davis,1988-07-25,NV,88977,Financial Planning
1422,Jason,Arellano,1993-12-12,WY,82190,Claim Administration
1423,Jessica,Brooks,1959-09-12,WY,82957,Technical Support
1424,Phillip,Larson,1997-08-05,KY,41874,Financial Planning
1425,Anthony,Davis,1985-09-04,TN,37111,Technical Support
1426,Brian,Levine,1954-12-19,MA,01386,Technical Support
1427,Carmen,Gill,1993-02-19,MA,01651,Technical Support
1428,Kari,Hanna,1997-07-18,KY,40933,Claim Administration
1429,Adrienne,Chavez,1950-10-27,DC,20037,Financial Planning
1430,Joshua,Lambert,1975-10-25,NJ,08231,Technical Support
1431,Corey,Evans,1977-06-24,OH,43803,Technical Support
1432,Eric,Deleon,1993-02-22,WA,98804,Financial Planning
1433,Autumn,Jenkins,2004-01-11,MO,64732,Financial Planning
1434,Robert,Thompson,1999-01-26,AR,72366,Claim Administration
1435,Alexander,Guzman,1974-03-05,WA,98530,Technical Support
1436,Bradley,Garner,1955-04-26,NE,68097,Financial Planning
1437,Joseph,Rodriguez,1959-03-26,VA,23494,Claim Administration
1438,Stephanie,Rodriguez,1958-04-01,KS,67628,Technical Support
1439,Dale,Hull,1987-01-15,IN,47189,Claim Administration
1440,James,Robinson,1982-12-25,AZ,86316,Claim Administration
1441,Colin,Nelson,1958-09-28,GA,30721,Technical Support
1442,Rachel,Glass,1992-10-31,MD,21050,Claim Administration
1443,Curtis,Pierce,1969-04-27,OH,43980,Technical Support
1444,Kimberly,Mitchell,1960-04-10,DE,19788,Claim Administration
1445,Brian,Phillips,1956-09-22,FL,32403,Claim Administration
1446,Pamela,Waters,1984-12-22,PA,19204,Technical Support
1447,Brian,Pierce,1983-05-05,VT,05260,Technical Support
1448,Wendy,Jenkins,2003-07-14,VT,05042,Claim Administration
1449,Debra,Lowery,1960-11-21,NV,89032,Claim Administration
1450,Patrick,Hernandez,1950-09-06,MS,39614,Financial Planning
1451,Heather,Morgan,1955-03-03,SD,57360,Financial Planning
1452,Brad,Olson,1994-05-12,AK,99732,Technical Support
1453,Kyle,Baker,1986-12-28,ME,03990,Technical Support
1454,Michelle,Douglas,1958-02-02,NH,03054,Claim Administration
1455,Jamie,Sanders,1959-10-18,MS,39083,Technical Support
1456,Suzanne,Frazier,1949-03-14,IN,46020,Claim Administration
1457,Mary,Fisher,1990-07-24,OK,73133,Financial Planning
1458,Dustin,Hawkins,1957-04-12,WA,98181,Financial Planning
1459,Samantha,Leon,1981-07-10,MI,48414,Financial Planning
1460,Isabel,Lopez,1953-11-13,NE,68070,Financial Planning
1461,Kimberly,Ramirez,1965-05-27,FL,33033,Claim Administration
1462,Garrett,Norton,1992-09-15,VA,22298,Financial Planning
1463,Hannah,Bell,1985-12-19,TX,78925,Claim Administration
1464,Jerry,Holmes,1992-07-10,NV,89242,Claim Administration
1465,Rodney,Robertson,1996-08-10,DE,19963,Financial Planning
1466,Allison,Hill,1977-08-23,OK,73185,Financial Planning
1467,Cody,Dougherty,1960-07-31,AZ,85607,Claim Administration
1468,Alexis,Warner,1967-10-24,MT,59032,Claim Administration
1469,Crystal,Velez,2003-03-27,DE,19821,Technical Support
1470,Sabrina,Avery,1966-04-09,AK,99548,Claim Administration
1471,Sharon,Cox,1954-01-11,NM,87767,Financial Planning
1472,Kristen,Gomez,1991-12-01,WI,53633,Claim Administration
1473,Stephen,Chan,1983-05-30,OR,97270,Financial Planning
1474,Nicholas,Shelton,1993-01-18,MT,59722,Technical Support
1475,Justin,Holland,1989-05-17,MO,63803,Financial Planning
1476,Robert,Fisher,1956-06-12,GA,31678,Financial Planning
1477,Bonnie,Wilcox,1955-11-10,NE,68022,Technical Support
1478,Erin,Mitchell,1970-11-09,AK,99530,Technical Support
1479,Melanie,Wilson,1979-11-13,ND,58360,Claim Administration
1480,Lisa,Harris,2002-05-29,CT,06358,Claim Administration
1481,Alan,Carney,1974-02-02,ID,83560,Claim Administration
1482,Maureen,Foley,2003-04-16,WA,99001,Technical Support
1483,Emily,Livingston,1976-10-25,MS,39682,Claim Administration
1484,James,Orozco,1966-02-11,KS,67235,Technical Support
1485,Michael,Garcia,1974-10-07,TX,77675,Technical Support
1486,Christopher,Henderson,1970-12-19,MA,02337,Technical Support
1487,Keith,Schmidt,1980-04-15,AK,99721,Financial Planning
1488,Linda,Paul,1965-05-31,HI,96720,Claim Administration
1489,Raymond,Wallace,1988-05-17,CA,91216,Financial Planning
1490,Emily,Brown,1993-08-26,PA,16489,Financial Planning
1491,Meagan,Ward,1949-06-11,AR,72141,Technical Support
1492,Kenneth,Maxwell,1972-08-30,NC,28154,Technical Support
1493,Alexis,Schwartz,2000-11-17,NM,87507,Financial Planning
1494,Edward,Johnson,1974-11-24,IL,61090,Claim Administration
1495,Christopher,Thomas,1957-01-07,DE,19950,Technical Support
1496,Gregory,Grant,1971-07-21,ME,04431,Claim Administration
1497,David,Hurley,1963-01-29,RI,02907,Claim Administration
1498,Taylor,Munoz,1985-07-12,MI,49183,Claim Administration
1499,Matthew,Reynolds,1970-04-18,IN,47694,Financial Planning
1500,Tamara,Craig,1991-06-03,NM,87446,Financial Planning
